S. No.,Date_Received,Message_body,Label
1,09-01-21,Rofl. Its true to its name,Non-Spam
2,24-03-21,The guy did some bitching but I acted like i'd be interested in buying something else next week and he gave it to us for free,Non-Spam
3,02-10-21,"Pity, * was in mood for that. So...any other suggestions?",Non-Spam
4,11-04-21,Will ü b going to esplanade fr home?,Non-Spam
5,22-09-21,"This is the 2nd time we have tried 2 contact u. U have won the £750 Pound prize. 2 claim is easy, call 087187272008 NOW1! Only 10p per minute. BT-national-rate.",Spam
6,10-02-21,"REMINDER FROM O2: To get 2.50 pounds free call credit and details of great offers pls reply 2 this text with your valid name, house no and postcode",Spam
7,04-01-21,Huh y lei...,Non-Spam
8,13-02-21,Why don't you wait 'til at least wednesday to see if you get your .,Non-Spam
9,10-09-21,Ard 6 like dat lor.,Non-Spam
10,08-12-21,Ok lor... Sony ericsson salesman... I ask shuhui then she say quite gd 2 use so i considering...,Non-Spam
11,16-04-21,Get me out of this dump heap. My mom decided to come to lowes. BORING.,Non-Spam
12,12-08-21,Anything lor. Juz both of us lor.,Non-Spam
13,04-05-21,if you aren't here in the next  &lt;#&gt;  hours imma flip my shit,Non-Spam
14,23-02-21,"Sorry, I'll call later",Non-Spam
15,17-05-21,No. I meant the calculation is the same. That  &lt;#&gt; units at  &lt;#&gt; . This school is really expensive. Have you started practicing your accent. Because its important. And have you decided if you are doing 4years of dental school or if you'll just do the nmde exam.,Non-Spam
16,13-03-21,Yes i have. So that's why u texted. Pshew...missing you so much,Non-Spam
17,27-08-21,Yeh. Indians was nice. Tho it did kane me off a bit he he. We shud go out 4 a drink sometime soon. Mite hav 2 go 2 da works 4 a laugh soon. Love Pete x x,Non-Spam
18,04-06-21,Well keep in mind I've only got enough gas for one more round trip barring a sudden influx of cash,Non-Spam
19,02-02-21,Hahaha..use your brain dear,Non-Spam
20,22-04-21,Have a safe trip to Nigeria. Wish you happiness and very soon company to share moments with,Non-Spam
21,11-08-21,Wen did you get so spiritual and deep. That's great,Non-Spam
22,28-12-21,"Cool, what time you think you can get here?",Non-Spam
23,26-09-21,"You know, wot people wear. T shirts, jumpers, hat, belt, is all we know. We r at Cribbs",Non-Spam
24,21-10-21,"No, I was trying it all weekend ;V",Non-Spam
25,06-05-21,Ic. There are a lotta childporn cars then.,Non-Spam
26,28-02-21,Hi its in durban are you still on this number,Non-Spam
27,25-01-21,"I'm taking derek &amp; taylor to walmart, if I'm not back by the time you're done just leave the mouse on my desk and I'll text you when priscilla's ready",Non-Spam
28,23-10-21,U still havent got urself a jacket ah?,Non-Spam
29,06-01-21,Armand says get your ass over to epsilon,Non-Spam
30,14-01-21,Yeah it's jus rite...,Non-Spam
31,06-03-21,ASKED 3MOBILE IF 0870 CHATLINES INCLU IN FREE MINS. INDIA CUST SERVs SED YES. L8ER GOT MEGA BILL. 3 DONT GIV A SHIT. BAILIFF DUE IN DAYS. I O £250 3 WANT £800,Spam
32,29-03-21,Just sleeping..and surfing,Non-Spam
33,23-07-21,I can't believe how attached I am to seeing you every day. I know you will do the best you can to get to me babe. I will go to teach my class at your midnight,Non-Spam
34,01-02-21,Want explicit SEX in 30 secs? Ring 02073162414 now! Costs 20p/min Gsex POBOX 2667 WC1N 3XX,Spam
35,26-12-21,Aiyah ok wat as long as got improve can already wat...,Non-Spam
36,19-02-21,"I know you are thinkin malaria. But relax, children cant handle malaria. She would have been worse and its gastroenteritis. If she takes enough to replace her loss her temp will reduce. And if you give her malaria meds now she will just vomit. Its a self limiting illness she has which means in a few days it will completely stop",Non-Spam
37,28-10-21,Ok which your another number,Non-Spam
38,21-11-21,"Hey chief, can you give me a bell when you get this. Need to talk to you about this royal visit on the 1st june. ",Non-Spam
39,12-06-21,happened here while you were adventuring,Non-Spam
40,04-01-21,Compliments to you. Was away from the system. How your side.,Non-Spam
41,02-01-21,I think that tantrum's finished so yeah I'll be by at some point,Non-Spam
42,20-10-21,What about this one then.,Non-Spam
43,26-09-21,Its just the effect of irritation. Just ignore it,Non-Spam
44,11-03-21,"Total disappointment, when I texted you was the craziest shit got :(",Non-Spam
45,26-07-21,PRIVATE! Your 2003 Account Statement for shows 800 un-redeemed S.I.M. points. Call 08718738001 Identifier Code: 49557 Expires 26/11/04,Spam
46,15-08-21,I want to tell you how bad I feel that basically the only times I text you lately are when I need drugs,Non-Spam
47,23-02-21,You are awarded a SiPix Digital Camera! call 09061221061 from landline. Delivery within 28days. T Cs Box177. M221BP. 2yr warranty. 150ppm. 16 . p p£3.99,Spam
48,26-06-21,Going to join tomorrow.,Non-Spam
49,21-01-21,Thats cool. I want to please you...,Non-Spam
50,19-05-21,You are a big chic. Common. Declare,Non-Spam
51,20-07-21,No. I dont want to hear anything,Non-Spam
52,06-08-21,Can you pls send me that company name. In saibaba colany,Non-Spam
53,02-12-21,"By the way, i've put a skip right outside the front of the house so you can see which house it is. Just pull up before it.",Non-Spam
54,08-07-21,Miles and smiles r made frm same letters but do u know d difference..? smile on ur face keeps me happy even though I am miles away from u.. :-)keep smiling.. Good nyt,Non-Spam
55,06-03-21,"Ya, i'm referin to mei's ex wat... No ah, waitin 4 u to treat, somebody shld b rich liao...So gd, den u dun have to work frm tmr onwards...",Non-Spam
56,08-04-21,You are a great role model. You are giving so much and i really wish each day for a miracle but God as a reason for everything and i must say i wish i knew why but i dont. I've looked up to you since i was young and i still do. Have a great day.,Non-Spam
57,29-11-21,Oh... Okie lor...We go on sat... ,Non-Spam
58,12-01-21,Yes. Please leave at  &lt;#&gt; . So that at  &lt;#&gt;  we can leave,Non-Spam
59,10-12-21,"Just making dinner, you ?",Non-Spam
60,23-04-21,"It‘s reassuring, in this crazy world.",Non-Spam
61,28-02-21,I went to project centre,Non-Spam
62,26-11-21,Lol they were mad at first but then they woke up and gave in.,Non-Spam
63,30-01-21,"Machan you go to gym tomorrow,  i wil come late goodnight.",Non-Spam
64,10-02-21,I want to be inside you every night...,Non-Spam
65,01-04-21,God's love has no limit. God's grace has no measure. God's power has no boundaries. May u have God's endless blessings always in ur life...!! Gud ni8,Non-Spam
66,24-07-21,What i told before i tell. Stupid hear after i wont tell anything to you. You dad called to my brother and spoken. Not with me.,Non-Spam
67,21-02-21,Wait . I will msg after  &lt;#&gt;  min.,Non-Spam
68,08-05-21,"Perhaps * is much easy give your account identification, so i will tomorrow at UNI",Non-Spam
69,24-11-21,Apo all other are mokka players only,Non-Spam
70,05-06-21,PRIVATE! Your 2003 Account Statement for 07808247860 shows 800 un-redeemed S. I. M. points. Call 08719899229 Identifier Code: 40411 Expires 06/11/04,Spam
71,19-08-21,Love has one law; Make happy the person you love. In the same way friendship has one law; Never make ur friend feel alone until you are alive.... Gud night,Non-Spam
72,26-09-21,Now get step 2 outta the way. Congrats again.,Non-Spam
73,25-06-21,Why did I wake up on my own &gt;:(,Non-Spam
74,01-03-21,"SMS SERVICES. for your inclusive text credits, pls goto www.comuk.net login= 3qxj9 unsubscribe with STOP, no extra charge. help 08702840625.COMUK. 220-CM2 9AE",Spam
75,19-06-21,Yes... I trust u to buy new stuff ASAP so I can try it out,Non-Spam
76,24-03-21,"Good afternoon, my love ... How goes your day ? How did you sleep ? I hope your well, my boytoy ... I think of you ...",Non-Spam
77,15-10-21,"Cool, we shall go and see, have to go to tip anyway. Are you at home, got something to drop in later? So lets go to town tonight! Maybe mum can take us in.",Non-Spam
78,19-03-21,I think if he rule tamilnadu..then its very tough for our people.,Non-Spam
79,23-05-21,Marvel Mobile Play the official Ultimate Spider-man game (£4.50) on ur mobile right now. Text SPIDER to 83338 for the game & we ll send u a FREE 8Ball wallpaper,Spam
80,11-04-21,U studying in sch or going home? Anyway i'll b going 2 sch later.,Non-Spam
81,13-10-21,K. I will sent it again,Non-Spam
82,30-09-21,Oh thanks a lot..i already bought 2 eggs ..,Non-Spam
83,03-09-21,K. I will sent it again,Non-Spam
84,15-11-21,2p per min to call Germany 08448350055 from your BT line. Just 2p per min. Check PlanetTalkInstant.com for info & T's & C's. Text stop to opt out,Spam
85,23-05-21,Ofcourse I also upload some songs,Non-Spam
86,16-03-21,Also fuck you and your family for going to rhode island or wherever the fuck and leaving me all alone the week I have a new bong &gt;:(,Non-Spam
87,03-04-21,", ,  and  picking them up from various points | going 2 yeovil | and they will do the motor project 4 3 hours | and then u take them home. || 12 2 5.30 max. || Very easy",Non-Spam
88,29-05-21,So li hai... Me bored now da lecturer repeating last weeks stuff waste time... ,Non-Spam
89,01-02-21,URGENT We are trying to contact you Last weekends draw shows u have won a £1000 prize GUARANTEED Call 09064017295 Claim code K52 Valid 12hrs 150p pm,Spam
90,02-09-21,Shall call now dear having food,Non-Spam
91,15-10-21,Have you seen who's back at Holby?!,Non-Spam
92,09-07-21,Really do hope the work doesnt get stressful. Have a gr8 day.,Non-Spam
93,27-03-21,No probably  &lt;#&gt; %.,Non-Spam
94,10-01-21,What Today-sunday..sunday is holiday..so no work..,Non-Spam
95,03-06-21,Yes princess! I want to please you every night. Your wish is my command...,Non-Spam
96,09-07-21,Dhoni have luck to win some big title.so we will win:),Non-Spam
97,05-04-21,Where's mummy's boy ? Is he being good or bad ? Is he being positive or negative ? Why is mummy being made to wait? Hmmmm?,Non-Spam
98,19-06-21,Ok lor ü reaching then message me.,Non-Spam
99,04-05-21,Well obviously not because all the people in my cool college life went home ;_;,Non-Spam
100,30-07-21,Yup,Non-Spam
101,19-05-21,I thought slide is enough.,Non-Spam
102,10-05-21,Ok lor.,Non-Spam
103,08-09-21,"URGENT! Last weekend's draw shows that you have won £1000 cash or a Spanish holiday! CALL NOW 09050000332 to claim. T&C: RSTM, SW7 3SS. 150ppm",Spam
104,17-07-21,Get your garden ready for summer with a FREE selection of summer bulbs and seeds worth £33:50 only with The Scotsman this Saturday. To stop go2 notxt.co.uk,Spam
105,12-12-21,http//tms. widelive.com/index. wml?id=820554ad0a1705572711&first=true¡C C Ringtone¡,Spam
106,09-10-21,Shall I bring us a bottle of wine to keep us amused? Only joking! I‘ll bring one anyway,Non-Spam
107,07-02-21,I will treasure every moment we spend together...,Non-Spam
108,15-02-21,U GOIN OUT 2NITE?,Non-Spam
109,04-05-21,Txt: CALL to No: 86888 & claim your reward of 3 hours talk time to use from your phone now! Subscribe6GBP/mnth inc 3hrs 16 stop?txtStop www.gamb.tv,Spam
110,17-05-21,Ok i thk i got it. Then u wan me 2 come now or wat?,Non-Spam
111,10-06-21,December only! Had your mobile 11mths+? You are entitled to update to the latest colour camera mobile for Free! Call The Mobile Update Co FREE on 08002986906,Spam
112,07-08-21,If you hear a loud scream in about &lt;#&gt; minutes its cause my Gyno will be shoving things up me that don't belong :/,Non-Spam
113,13-06-21,"Sorry, I'll call later",Non-Spam
114,16-01-21,Arun can u transfr me d amt,Non-Spam
115,28-07-21,For the most sparkling shopping breaks from 45 per person; call 0121 2025050 or visit www.shortbreaks.org.uk,Spam
116,05-08-21,Wishing you a beautiful day. Each moment revealing even more things to keep you smiling. Do enjoy it.,Non-Spam
117,20-07-21,Im just wondering what your doing right now?,Non-Spam
118,22-01-21,Except theres a chick with huge boobs.,Non-Spam
119,12-03-21,What???? Hello wats talks email address?,Non-Spam
120,07-02-21,Just sing HU. I think its also important to find someone female that know the place well preferably a citizen that is also smart to help you navigate through. Even things like choosing a phone plan require guidance. When in doubt ask especially girls.,Non-Spam
121,14-07-21,Sac needs to carry on:),Non-Spam
122,04-10-21,"Latest News! Police station toilet stolen, cops have nothing to go on!",Spam
123,26-05-21,"aight we can pick some up, you open before tonight?",Non-Spam
124,14-09-21,So that takes away some money worries,Non-Spam
125,27-08-21,I am back. Good journey! Let me know if you need any of the receipts. Shall i tell you like the pendent?,Non-Spam
126,31-10-21,"And that's fine, I got enough bud to last most of the night at least",Non-Spam
127,09-03-21,Good morning. At the repair shop--the ONLY reason i'm up at this hour.,Non-Spam
128,16-04-21,You have won a guaranteed 32000 award or maybe even £1000 cash to claim ur award call free on 0800 ..... (18+). Its a legitimat efreefone number wat do u think???,Spam
129,29-01-21,"I thought i'd get him a watch, just cos thats the kind of thing u get4an18th. And he loves so much!",Non-Spam
130,08-07-21,"By the way, make sure u get train to worc foregate street not shrub hill. Have fun night x",Non-Spam
131,28-10-21,Thank you. do you generally date the brothas?,Non-Spam
132,06-01-21,Hey i've booked the 2 lessons on sun liao...,Non-Spam
133,30-06-21,What are youdoing later? Sar xxx,Non-Spam
134,18-07-21,Am slow in using biola's fne,Non-Spam
135,20-07-21,Mode men or have you left.,Non-Spam
136,10-04-21,I'm wif him now buying tix lar...,Non-Spam
137,11-03-21,Jesus armand really is trying to tell everybody he can find,Non-Spam
138,09-10-21,You're gonna have to be way more specific than that,Non-Spam
139,20-08-21,Thanx a lot 4 ur help!,Non-Spam
140,18-04-21,If I was I wasn't paying attention,Non-Spam
141,06-10-21,"If you can make it any time tonight or whenever you can it's cool, just text me whenever you're around",Non-Spam
142,04-11-21,"Er yeah, i will b there at 15:26, sorry! Just tell me which pub/cafe to sit in and come wen u can",Non-Spam
143,20-01-21,You didnt complete your gist oh.,Non-Spam
144,26-07-21,Santa Calling! Would your little ones like a call from Santa Xmas eve? Call 09058094583 to book your time.,Spam
145,02-07-21,Oh yeah! And my diet just flew out the window,Non-Spam
146,03-02-21,Otherwise had part time job na-tuition..,Non-Spam
147,24-01-21,U horrible gal... U knew dat i was going out wif him yest n u still come n ask me...,Non-Spam
148,19-06-21,"Sorry, I'll call later",Non-Spam
149,09-05-21,Ok k..sry i knw 2 siva..tats y i askd..,Non-Spam
150,11-09-21,"Hi elaine, is today's meeting confirmed?",Non-Spam
151,18-02-21,I dont know oh. Hopefully this month.,Non-Spam
152,28-08-21,I'm at bruce &amp; fowler now but I'm in my mom's car so I can't park (long story),Non-Spam
153,03-05-21,So how are you really. What are you up to. How's the masters. And so on.,Non-Spam
154,13-02-21,Nope. I just forgot. Will show next week,Non-Spam
155,16-04-21,My slave! I want you to take 2 or 3 pictures of yourself today in bright light on your cell phone! Bright light!,Non-Spam
156,05-04-21,You should get more chicken broth if you want ramen unless there's some I don't know about,Non-Spam
157,06-02-21,East coast,Non-Spam
158,25-07-21,Nite nite pocay wocay luv u more than n e thing 4eva I promise ring u 2morrowxxxx,Non-Spam
159,04-06-21,Gr8. So how do you handle the victoria island traffic. Plus when's the album due,Non-Spam
160,15-11-21,I ask if u meeting da ge tmr nite...,Non-Spam
161,21-05-21,"Daddy, shu shu is looking 4 u... U wan me 2 tell him u're not in singapore or wat?",Non-Spam
162,16-10-21,There is a first time for everything :),Non-Spam
163,10-03-21,... Are you in the pub?,Non-Spam
164,04-06-21,Yup he msg me: is tat yijue? Then i tot it's my group mate cos we meeting today mah... I'm askin if ü leaving earlier or wat mah cos mayb ü haf to walk v far...,Non-Spam
165,15-05-21,Dear are you angry i was busy dear,Non-Spam
166,19-09-21,So how many days since then?,Non-Spam
167,29-01-21,Pls give her prometazine syrup. 5mls then  &lt;#&gt; mins later feed.,Non-Spam
168,12-03-21,So gd got free ice cream... I oso wan...,Non-Spam
169,18-08-21,Hi babe its me thanks for coming even though it didnt go that well!i just wanted my bed! Hope to see you soon love and kisses xxx,Non-Spam
170,15-06-21,Babes I think I got ur brolly I left it in English wil bring it in 2mrw 4 u luv Franxx,Non-Spam
171,01-05-21,HARD BUT TRUE: How much you show &amp;  express your love to someone....that much it will hurt when they leave you or you get seperated...!?????ud evening...,Non-Spam
172,16-05-21,And he's apparently bffs with carly quick now,Non-Spam
173,12-06-21,Hi. Hope you had a good day. Have a better night.,Non-Spam
174,15-12-21,That's necessarily respectful,Non-Spam
175,07-09-21,As in i want custom officer discount oh.,Non-Spam
176,09-09-21,Dunno lei shd b driving lor cos i go sch 1 hr oni.,Non-Spam
177,22-03-21,I dont know exactly could you ask chechi.,Non-Spam
178,29-10-21,"All done, all handed in. Don't know if mega shop in asda counts as celebration but thats what i'm doing!",Non-Spam
179,09-02-21,Ooooooh I forgot to tell u I can get on yoville on my phone,Non-Spam
180,03-12-21,Watching ajith film ah?,Non-Spam
181,17-04-21,Nt joking seriously i told,Non-Spam
182,11-07-21,Ok.ok ok..then..whats ur todays plan,Non-Spam
183,25-05-21,NOT MUCH NO FIGHTS. IT WAS A GOOD NITE!!,Non-Spam
184,05-06-21,I will be gentle baby! Soon you will be taking all  &lt;#&gt;  inches deep inside your tight pussy...,Non-Spam
185,17-10-21,I'm at work. Please call,Non-Spam
186,14-09-21,How do friends help us in problems? They give the most stupid suggestion that Lands us into another problem and helps us forgt the previous problem,Non-Spam
187,03-03-21,How are you babes. Hope your doing ok. I had a shit nights sleep. I fell asleep at 5.I’m knackered and i’m dreading work tonight. What are thou upto tonight. X,Non-Spam
188,15-03-21,Good day to You too.Pray for me.Remove the teeth as its painful maintaining other stuff.,Non-Spam
189,11-07-21,"I can make it up there, squeezed  &lt;#&gt;  bucks out of my dad",Non-Spam
190,28-04-21,You have 1 new message. Call 0207-083-6089,Spam
191,02-12-21,Its sunny in california. The weather's just cool,Non-Spam
192,28-09-21,Somebody set up a website where you can play hold em using eve online spacebucks,Non-Spam
193,09-01-21,"Free entry to the gr8prizes wkly comp 4 a chance to win the latest Nokia 8800, PSP or £250 cash every wk.TXT GREAT to 80878 http//www.gr8prizes.com 08715705022",Spam
194,27-01-21,The current leading bid is 151. To pause this auction send OUT. Customer Care: 08718726270,Spam
195,19-09-21,I don't want you to leave. But i'm barely doing what i can to stay sane. fighting with you constantly isn't helping.,Non-Spam
196,03-10-21,I cant pick the phone right now. Pls send a message,Non-Spam
197,27-09-21,Do u konw waht is rael FRIENDSHIP Im gving yuo an exmpel: Jsut ese tihs msg.. Evrey splleing of tihs msg is wrnog.. Bt sitll yuo can raed it wihtuot ayn mitsake.. GOODNIGHT &amp; HAVE A NICE SLEEP..SWEET DREAMS..,Non-Spam
198,03-06-21,"K I'll head out in a few mins, see you there",Non-Spam
199,05-02-21,"Ok., is any problem to u frm him? Wats matter?",Non-Spam
200,16-03-21,"Lol, oh you got a friend for the dog ?",Non-Spam
201,09-11-21,dating:i have had two of these. Only started after i sent a text to talk sport radio last week. Any connection do you think or coincidence?,Spam
202,24-07-21,Hi mom we might be back later than  &lt;#&gt; ,Non-Spam
203,30-09-21,IMPORTANT MESSAGE. This is a final contact attempt. You have important messages waiting out our customer claims dept. Expires 13/4/04. Call 08717507382 NOW!,Spam
204,21-07-21,Just trying to figure out when I'm suppose to see a couple different people this week. We said we'd get together but I didn't set dates,Non-Spam
205,20-03-21,A £400 XMAS REWARD IS WAITING FOR YOU! Our computer has randomly picked you from our loyal mobile customers to receive a £400 reward. Just call 09066380611,Spam
206,11-02-21,Call 09095350301 and send our girls into erotic ecstacy. Just 60p/min. To stop texts call 08712460324 (nat rate),Spam
207,08-06-21,"I think your mentor is , but not 100 percent sure.",Non-Spam
208,11-12-21,I'm in inside office..still filling forms.don know when they leave me.,Non-Spam
209,13-01-21,Yep get with the program. You're slacking.,Non-Spam
210,03-07-21,"Hey, iouri gave me your number, I'm wylie, ryan's friend",Non-Spam
211,30-10-21,This is ur face test ( 1 2 3 4 5 6 7 8 9  &lt;#&gt;  ) select any number i will tell ur face astrology.... am waiting. quick reply...,Non-Spam
212,08-01-21,Hmm. Shall i bring a bottle of wine to keep us amused? Just joking! I'll still bring a bottle. Red or white? See you tomorrow,Non-Spam
213,20-01-21,Ok,Non-Spam
214,26-11-21,Tell me something. Thats okay.,Non-Spam
215,24-02-21,"Living is very simple.. Loving is also simple.. Laughing is too simple.. Winning is tooo simple.. But, Being 'SIMPLE' is very difficult...;-) :-)",Non-Spam
216,02-08-21,Aiyo cos i sms ü then ü neva reply so i wait 4 ü to reply lar. I tot ü havent finish ur lab wat.,Non-Spam
217,11-10-21,Guai... Ü shd haf seen him when he's naughty... Ü so free today? Can go jogging...,Non-Spam
218,07-06-21,Good morning princess! Have a great day!,Non-Spam
219,29-10-21,Yup it's at paragon... I havent decided whether 2 cut yet... Hee...,Non-Spam
220,10-07-21,No one interested. May be some business plan.,Non-Spam
221,14-09-21,I'm home...,Non-Spam
222,07-04-21,Do I? I thought I put it back in the box,Non-Spam
223,22-11-21,No sir. That's why i had an 8-hr trip on the bus last week. Have another audition next wednesday but i think i might drive this time.,Non-Spam
224,19-10-21,"My Parents, My Kidz, My Friends n My Colleagues. All screaming.. SURPRISE !! and I was waiting on the sofa.. ... ..... ' NAKED...!",Non-Spam
225,18-07-21,Wat ü doing now?,Non-Spam
226,30-09-21,When you guys planning on coming over?,Non-Spam
227,07-10-21,No go. No openings for that room 'til after thanksgiving without an upcharge.,Non-Spam
228,23-04-21,"u r subscribed 2 TEXTCOMP 250 wkly comp. 1st wk?s free question follows, subsequent wks charged@150p/msg.2 unsubscribe txt STOP 2 84128,custcare 08712405020",Spam
229,27-02-21,And of course you should make a stink!,Non-Spam
230,01-03-21,Are u awake? Is there snow there?,Non-Spam
231,30-05-21,You'd like that wouldn't you? Jerk!,Non-Spam
232,28-05-21,So when do you wanna gym?,Non-Spam
233,12-04-21,My birthday is on feb  &lt;#&gt;  da. .,Non-Spam
234,12-01-21,Sounds better than my evening im just doing my costume. Im not sure what time i finish tomorrow but i will txt you at the end.,Non-Spam
235,22-09-21,No. It's not pride. I'm almost  &lt;#&gt;  years old and shouldn't be takin money from my kid. You're not supposed to have to deal with this stuff. This is grownup stuff--why i don't tell you.,Non-Spam
236,30-04-21,"Garbage bags, eggs, jam, bread, hannaford wheat chex",Non-Spam
237,31-08-21,"Neither [in sterm voice] - i'm studying. All fine with me! Not sure the  thing will be resolved, tho. Anyway. Have a fab hols",Non-Spam
238,27-07-21,I think steyn surely get one wicket:),Non-Spam
239,17-01-21,X course it 2yrs. Just so her messages on messenger lik you r sending me,Non-Spam
240,29-12-21,Dude im no longer a pisces. Im an aquarius now.,Non-Spam
241,15-05-21,"Sir, waiting for your letter.",Non-Spam
242,17-08-21,Sweet heart how are you?,Non-Spam
243,05-12-21,Wishing you a wonderful week.,Non-Spam
244,08-04-21,What makes you most happy?,Non-Spam
245,31-05-21,"Gal n boy walking in d park. gal-can i hold ur hand? boy-y? do u think i would run away? gal-no, jst wana c how it feels walking in heaven with an prince..GN:-)",Non-Spam
246,02-03-21,"Dear Sir,Salam Alaikkum.Pride and Pleasure meeting you today at the Tea Shop.We are pleased to send you our contact number at Qatar.Rakhesh an Indian.Pls save our Number.Respectful Regards.",Non-Spam
247,01-08-21,Aah bless! How's your arm?,Non-Spam
248,29-07-21,"Thanks, I'll keep that in mind",Non-Spam
249,20-04-21,Ok no problem... Yup i'm going to sch at 4 if i rem correctly...,Non-Spam
250,25-02-21,But we havent got da topic yet rite?,Non-Spam
251,16-01-21,Kothi print out marandratha.,Non-Spam
252,13-05-21,"Good morning, my Love ... I go to sleep now and wish you a great day full of feeling better and opportunity ... You are my last thought babe, I LOVE YOU *kiss*",Non-Spam
253,10-05-21,"K, fyi I'm back in my parents' place in south tampa so I might need to do the deal somewhere else",Non-Spam
254,15-06-21,Jus finish watching tv... U?,Non-Spam
255,05-11-21,Hahaha..use your brain dear,Non-Spam
256,15-10-21,Get the official ENGLAND poly ringtone or colour flag on yer mobile for tonights game! Text TONE or FLAG to 84199. Optout txt ENG STOP Box39822 W111WX £1.50,Spam
257,14-01-21,My sister going to earn more than me da.,Non-Spam
258,26-02-21,Here got ur favorite oyster... N got my favorite sashimi... Ok lar i dun say already... Wait ur stomach start rumbling...,Non-Spam
259,13-08-21,K.k:)i'm going to tirunelvali this week to see my uncle ..i already spend the amount by taking dress .so only i want money.i will give it on feb 1,Non-Spam
260,01-10-21,"yeah, that's what I was thinking",Non-Spam
261,22-03-21,"Jolly good! By the way,  will give u tickets for sat eve 7.30. Speak before then x",Non-Spam
262,08-04-21,I'm coming back on Thursday. Yay. Is it gonna be ok to get the money. Cheers. Oh yeah and how are you. Everything alright. Hows school. Or do you call it work now,Non-Spam
263,03-10-21,What you did in  leave.,Non-Spam
264,22-06-21,Ill be at yours in about 3 mins but look out for me,Non-Spam
265,12-05-21,Hi missed your Call and my mumHas beendropping red wine all over theplace! what is your adress?,Non-Spam
266,15-10-21,Pls ask macho how much is budget for bb bold 2 is cos i saw a new one for  &lt;#&gt;  dollars.,Non-Spam
267,22-04-21,"I can. But it will tell quite long, cos i haven't finish my film yet...",Non-Spam
268,31-03-21,About  &lt;#&gt; bucks. The banks fees are fixed. Better to call the bank and find out.,Non-Spam
269,13-07-21,At WHAT TIME should i come tomorrow,Non-Spam
270,04-12-21,I can't make it tonight,Non-Spam
271,18-12-21,Well good morning mr . Hows london treatin' ya treacle?,Non-Spam
272,08-08-21,I.ll hand her my phone to chat wit u,Non-Spam
273,22-08-21,My darling sister. How are you doing. When's school resuming. Is there a minimum wait period before you reapply? Do take care,Non-Spam
274,06-03-21,Are u coming to the funeral home,Non-Spam
275,17-08-21,Alex says he's not ok with you not being ok with it,Non-Spam
276,20-12-21,XMAS iscoming & ur awarded either £500 CD gift vouchers & free entry 2 r £100 weekly draw txt MUSIC to 87066 TnC www.Ldew.com1win150ppmx3age16subscription ,Spam
277,26-01-21,I donno its in your genes or something,Non-Spam
278,29-09-21,Urgent! Please call 09061213237 from landline. £5000 cash or a luxury 4* Canary Islands Holiday await collection. T&Cs SAE PO Box 177. M227XY. 150ppm. 16+,Spam
279,27-08-21,Xy trying smth now. U eat already? We havent...,Non-Spam
280,28-03-21,Dear where you. Call me,Non-Spam
281,06-07-21,Hey! Congrats 2u2. id luv 2 but ive had 2 go home!,Non-Spam
282,23-11-21,An excellent thought by a misundrstud frnd: I knw u hate me bt the day wen u'll knw the truth u'll hate urself:-( Gn:-),Non-Spam
283,15-04-21,Hey ! Don't forget ... You are MINE ... For ME ... My possession ... MY property ... MMM ... *childish smile* ...,Non-Spam
284,06-01-21,I'm still pretty weak today .. Bad day ?,Non-Spam
285,22-06-21,"URGENT! You have won a 1 week FREE membership in our £100,000 Prize Jackpot! Txt the word: CLAIM to No: 81010 T&C www.dbuk.net LCCLTD POBOX 4403LDNW1A7RW18",Spam
286,08-10-21,Sent me ur email id soon,Non-Spam
287,17-08-21,"Yeah, probably here for a while",Non-Spam
288,13-12-21,I have gone into get info bt dont know what to do,Non-Spam
289,18-10-21,"And how you will do that, princess? :)",Non-Spam
290,04-03-21,"Vikky, come around  &lt;TIME&gt; ..",Non-Spam
291,20-05-21,"Helloooo... Wake up..! ""Sweet"" ""morning"" ""welcomes"" ""You"" ""Enjoy"" ""This Day"" ""with full of joy"".. ""GUD MRNG"".",Non-Spam
292,19-04-21,URGENT! Your Mobile number has been awarded with a £2000 prize GUARANTEED. Call 09061790126 from land line. Claim 3030. Valid 12hrs only 150ppm,Spam
293,26-03-21,"Best msg: It's hard to be with a person, when u know that one more step foward will make u fall in love.. &amp; One step back can ruin ur friendship.. good night:-) ...",Non-Spam
294,10-12-21,Dunno leh cant remember mayb lor. So wat time r we meeting tmr?,Non-Spam
295,06-08-21,Oh yeah clearly it's my fault,Non-Spam
296,02-05-21,"Hi. Hope ur day * good! Back from walk, table booked for half eight. Let me know when ur coming over.",Non-Spam
297,14-04-21,Its too late:)but its k.wish you the same.,Non-Spam
298,03-10-21,"Hello.How u doing?What u been up 2?When will u b moving out of the flat, cos I will need to arrange to pick up the lamp, etc. Take care. Hello caroline!",Non-Spam
299,11-07-21,So u wan 2 come for our dinner tonight a not?,Non-Spam
300,20-03-21,Did u fix the teeth?if not do it asap.ok take care.,Non-Spam
301,02-03-21,"If you don't, your prize will go to another customer. T&C at www.t-c.biz 18+ 150p/min Polo Ltd Suite 373 London W1J 6HL Please call back if busy ",Spam
302,09-05-21,"ER, ENJOYIN INDIANS AT THE MO..yeP. SaLL gOoD HehE ;> hows bout u shexy? Pete Xx",Non-Spam
303,05-09-21,Anything lar then ü not going home 4 dinner?,Non-Spam
304,05-11-21,HI DARLIN ITS KATE ARE U UP FOR DOIN SOMETHIN TONIGHT? IM GOING TO A PUB CALLED THE SWAN OR SOMETHING WITH MY PARENTS FOR ONE DRINK SO PHONE ME IF U CAN,Non-Spam
305,12-06-21,Gud ni8.swt drms.take care,Non-Spam
306,06-10-21,"Storming msg: Wen u lift d phne, u say ""HELLO"" Do u knw wt is d real meaning of HELLO?? . . . It's d name of a girl..! . . . Yes.. And u knw who is dat girl?? ""Margaret Hello"" She is d girlfrnd f Grahmbell who invnted telphone... . . . . Moral:One can 4get d name of a person, bt not his girlfrnd... G o o d n i g h t . . .@",Non-Spam
307,26-02-21,Pls speak with me. I wont ask anything other then you friendship.,Non-Spam
308,13-02-21,Did you see that film:),Non-Spam
309,21-06-21,I absolutely LOVE South Park! I only recently started watching the office.,Non-Spam
310,30-03-21,If anyone calls for a treadmill say you'll buy it. Make sure its working. I found an ad on Craigslist selling for $ &lt;#&gt; .,Non-Spam
311,01-07-21,Can help u swoop by picking u up from wherever ur other birds r meeting if u want.,Non-Spam
312,08-12-21,1 in cbe. 2 in chennai.,Non-Spam
313,22-04-21,"As usual..iam fine, happy &amp; doing well..:)",Non-Spam
314,12-02-21,Well she's in for a big surprise!,Non-Spam
315,10-05-21,Ok... Sweet dreams...,Non-Spam
316,15-11-21,I didnt get anything da,Non-Spam
317,29-01-21,Please tell me not all of my car keys are in your purse,Non-Spam
318,17-03-21,You do your studies alone without anyones help. If you cant no need to study.,Non-Spam
319,12-12-21,"Yeah work is fine, started last week, all the same stuff as before, dull but easy and guys are fun!",Non-Spam
320,15-06-21,Urgent! Please call 09061213237 from a landline. £5000 cash or a 4* holiday await collection. T &Cs SAE PO Box 177 M227XY. 16+,Spam
321,25-06-21,"K I'm leaving soon, be there a little after 9",Non-Spam
322,14-06-21,U come n search tat vid..not finishd..,Non-Spam
323,05-05-21,Gud ni8 dear..slp well..take care..swt dreams..Muah..,Non-Spam
324,13-07-21,Haven't eaten all day. I'm sitting here staring at this juicy pizza and I can't eat it. These meds are ruining my life.,Non-Spam
325,13-09-21,Thank you princess! I want to see your nice juicy booty...,Non-Spam
326,17-02-21,thanks for the temales it was wonderful. Thank. Have a great week.,Non-Spam
327,21-07-21,Of course ! Don't tease me ... You know I simply must see ! *grins* ... Do keep me posted my prey ... *loving smile* *devouring kiss*,Non-Spam
328,29-06-21,Hmm thinking lor...,Non-Spam
329,19-02-21,Its a part of checking IQ,Non-Spam
330,15-11-21,"Gud gud..k, chikku tke care.. sleep well gud nyt",Non-Spam
331,23-11-21,"Jay wants to work out first, how's 4 sound?",Non-Spam
332,16-05-21,Yeah I can still give you a ride,Non-Spam
333,08-08-21,Someonone you know is trying to contact you via our dating service! To find out who it could be call from your mobile or landline 09064015307 BOX334SK38ch ,Spam
334,29-06-21,Am on the uworld site. Am i buying the qbank only or am i buying it with the self assessment also?,Non-Spam
335,10-09-21,Ok cool. See ya then.,Non-Spam
336,26-08-21,Hey what how about your project. Started aha da.,Non-Spam
337,25-11-21,YOU ARE CHOSEN TO RECEIVE A £350 AWARD! Pls call claim number 09066364311 to collect your award which you are selected to receive as a valued mobile customer.,Spam
338,30-05-21,I realise you are a busy guy and i'm trying not to be a bother. I have to get some exams outta the way and then try the cars. Do have a gr8 day,Non-Spam
339,15-11-21,"Nope, I'm still in the market",Non-Spam
340,06-11-21,It means u could not keep ur words.,Non-Spam
341,06-11-21,PRIVATE! Your 2003 Account Statement for <fone no> shows 800 un-redeemed S. I. M. points. Call 08715203656 Identifier Code: 42049 Expires 26/10/04,Spam
342,19-12-21,I re-met alex nichols from middle school and it turns out he's dealing!,Non-Spam
343,14-01-21,Prabha..i'm soryda..realy..frm heart i'm sory,Non-Spam
344,12-02-21,Smile in Pleasure Smile in Pain Smile when trouble pours like Rain Smile when sum1 Hurts U Smile becoz SOMEONE still Loves to see u Smiling!!,Non-Spam
345,29-08-21,OH FUCK. JUSWOKE UP IN A BED ON A BOATIN THE DOCKS. SLEPT WID 25 YEAR OLD. SPINOUT! GIV U DA GOSSIP L8R. XXX,Non-Spam
346,22-12-21,If I die I want u to have all my stuffs.,Non-Spam
347,11-06-21,5 nights...We nt staying at port step liao...Too ex,Non-Spam
348,14-06-21,"Jane babes not goin 2 wrk, feel ill after lst nite. Foned in already cover 4 me chuck.:-)",Non-Spam
349,13-04-21,I have to take exam with in march 3,Non-Spam
350,08-07-21,Pls she needs to dat slowly or she will vomit more.,Non-Spam
351,05-05-21,I accidentally brought em home in the box,Non-Spam
352,03-12-21,Well thats nice. Too bad i cant eat it,Non-Spam
353,30-01-21,I am late. I will be there at,Non-Spam
354,23-11-21,I keep ten rs in my shelf:) buy two egg.,Non-Spam
355,01-11-21,Natalja (25/F) is inviting you to be her friend. Reply YES-440 or NO-440 See her: www.SMS.ac/u/nat27081980 STOP? Send STOP FRND to 62468,Spam
356,23-01-21,3 pa but not selected.,Non-Spam
357,18-02-21,K.k.how is your business now?,Non-Spam
358,04-07-21,It is only yesterday true true.,Non-Spam
359,23-07-21,Dai i downloaded but there is only exe file which i can only run that exe after installing.,Non-Spam
360,10-09-21,"I know you are thinkin malaria. But relax, children cant handle malaria. She would have been worse and its gastroenteritis. If she takes enough to replace her loss her temp will reduce. And if you give her malaria meds now she will just vomit. Its a self limiting illness she has which means in a few days it will completely stop",Non-Spam
361,21-11-21,Hi.what you think about match?,Non-Spam
362,14-09-21,"Babe, I'm answering you, can't you see me ? Maybe you'd better reboot YM ... I got the photo ... It's great !",Non-Spam
363,09-11-21,I will reach ur home in  &lt;#&gt;  minutes,Non-Spam
364,19-04-21,Had your mobile 11mths ? Update for FREE to Oranges latest colour camera mobiles & unlimited weekend calls. Call Mobile Upd8 on freefone 08000839402 or 2StopTxt,Spam
365,06-11-21,How come she can get it? Should b quite diff to guess rite...,Non-Spam
366,02-02-21,Me fine..absolutly fine,Non-Spam
367,19-12-21,WOT STUDENT DISCOUNT CAN U GET ON BOOKS?,Non-Spam
368,24-10-21,"YOU VE WON! Your 4* Costa Del Sol Holiday or £5000 await collection. Call 09050090044 Now toClaim. SAE, TC s, POBox334, Stockport, SK38xh, Cost£1.50/pm, Max10mins",Spam
369,02-11-21,Call Germany for only 1 pence per minute! Call from a fixed line via access number 0844 861 85 85. No prepayment. Direct access! www.telediscount.co.uk,Spam
370,09-10-21,Ugh my leg hurts. Musta overdid it on mon.,Non-Spam
371,27-12-21,She.s fine. I have had difficulties with her phone. It works with mine. Can you pls send her another friend request.,Non-Spam
372,10-03-21,I like cheap! But i‘m happy to splash out on the wine if it makes you feel better..,Non-Spam
373,05-06-21,"Spook up your mob with a Halloween collection of a logo & pic message plus a free eerie tone, txt CARD SPOOK to 8007 zed 08701417012150p per logo/pic ",Spam
374,10-12-21,Darren was saying dat if u meeting da ge den we dun meet 4 dinner. Cos later u leave xy will feel awkward. Den u meet him 4 lunch lor.,Non-Spam
375,31-10-21,Ok... Take ur time n enjoy ur dinner...,Non-Spam
376,12-08-21,"It's wylie, you in tampa or sarasota?",Non-Spam
377,07-08-21,Oh oh... Den muz change plan liao... Go back have to yan jiu again...,Non-Spam
378,04-06-21,"Sorry, I'll call later",Non-Spam
379,10-09-21,Our records indicate u maybe entitled to 5000 pounds in compensation for the Accident you had. To claim 4 free reply with CLAIM to this msg. 2 stop txt STOP,Spam
380,12-12-21,ree entry in 2 a weekly comp for a chance to win an ipod. Txt POD to 80182 to get entry (std txt rate) T&C's apply 08452810073 for details 18+,Spam
381,19-10-21,Okie,Non-Spam
382,15-06-21,WHAT TIME U WRKIN?,Non-Spam
383,20-02-21,I uploaded mine to Facebook,Non-Spam
384,24-12-21,I just cooked a rather nice salmon a la you,Non-Spam
385,16-12-21,I'm in town now so i'll jus take mrt down later.,Non-Spam
386,17-04-21,"Fuuuuck I need to stop sleepin, sup",Non-Spam
387,14-09-21,I sent them. Do you like?,Non-Spam
388,06-11-21,K sure am in my relatives home. Sms me de. Pls:-),Non-Spam
389,28-06-21,"Babe! I fucking love you too !! You know? Fuck it was so good to hear your voice. I so need that. I crave it. I can't get enough. I adore you, Ahmad *kisses*",Non-Spam
390,01-05-21,"Hi hope u r both ok, he said he would text and he hasn't, have u seen him, let me down gently please ",Non-Spam
391,21-05-21,SMS AUCTION - A BRAND NEW Nokia 7250 is up 4 auction today! Auction is FREE 2 join & take part! Txt NOKIA to 86021 now!,Spam
392,26-10-21,"Very strange.  and  are watching the 2nd one now but i'm in bed. Sweet dreams, miss u ",Non-Spam
393,30-03-21,Company is very good.environment is terrific and food is really nice:),Non-Spam
394,15-11-21,Raji..pls do me a favour. Pls convey my Birthday wishes to Nimya. Pls. Today is her birthday.,Non-Spam
395,04-01-21,Water logging in desert. Geoenvironmental implications.,Non-Spam
396,04-01-21,U 2.,Non-Spam
397,28-01-21,"Aight, text me tonight and we'll see what's up",Non-Spam
398,21-06-21,Oh k. . I will come tomorrow,Non-Spam
399,26-09-21,I'm in school now n i'll be in da lab doing some stuff give me a call when ü r done.,Non-Spam
400,14-11-21,Now i'm going for lunch.,Non-Spam
401,07-02-21,"I‘ve got some salt, you can rub it in my open wounds if you like!",Non-Spam
402,09-01-21,Oh did you charge camera,Non-Spam
403,27-07-21,Y she dun believe leh? I tot i told her it's true already. I thk she muz c us tog then she believe.,Non-Spam
404,22-12-21,Ü still got lessons?  Ü in sch?,Non-Spam
405,18-07-21,"Congrats 2 mobile 3G Videophones R yours. call 09063458130 now! videochat wid ur mates, play java games, Dload polypH music, noline rentl. bx420. ip4. 5we. 150p",Spam
406,21-03-21,Ok leave no need to ask,Non-Spam
407,25-10-21,Just send a text. We'll skype later.,Non-Spam
408,17-02-21,Lol no. I just need to cash in my nitros. Hurry come on before I crash out!,Non-Spam
409,24-02-21,Ok... Then r we meeting later?,Non-Spam
410,29-08-21,No but the bluray player can,Non-Spam
411,31-08-21,I will come with karnan car. Please wait till 6pm will directly goto doctor.,Non-Spam
412,29-07-21,K k:) sms chat with me.,Non-Spam
413,24-06-21,"Sir, I need Velusamy sir's date of birth and company bank facilities details.",Non-Spam
414,24-06-21,MY NEW YEARS EVE WAS OK. I WENT TO A PARTY WITH MY BOYFRIEND. WHO IS THIS SI THEN HEY,Non-Spam
415,17-03-21,"Like  &lt;#&gt; , same question",Non-Spam
416,14-05-21,Haven't left yet so probably gonna be here til dinner,Non-Spam
417,05-06-21,Idk. I'm sitting here in a stop and shop parking lot right now bawling my eyes out because i feel like i'm a failure in everything. Nobody wants me and now i feel like i'm failing you.,Non-Spam
418,27-11-21,No problem with the renewal. I.ll do it right away but i dont know his details.,Non-Spam
419,27-02-21,"Happy new year to u and ur family...may this new year bring happiness , stability and tranquility to ur vibrant colourful life:):)",Non-Spam
420,24-08-21,Pls call me da. What happen.,Non-Spam
421,26-11-21,K..then come wenever u lik to come and also tel vikky to come by getting free time..:-),Non-Spam
422,26-02-21,Get your garden ready for summer with a FREE selection of summer bulbs and seeds worth £33:50 only with The Scotsman this Saturday. To stop go2 notxt.co.uk,Spam
423,13-02-21,Oh unintentionally not bad timing. Great. Fingers  the trains play along! Will give fifteen min warning.,Non-Spam
424,14-02-21,Aiyar u so poor thing... I give u my support k... Jia you! I'll think of u...,Non-Spam
425,19-04-21,I'm in office now da:)where are you?,Non-Spam
426,26-01-21,Hi darlin im on helens fone im gonna b up the princes 2 nite please come up tb love Kate,Non-Spam
427,28-01-21,Now that you have started dont stop. Just pray for more good ideas and anything i see that can help you guys i.ll forward you a link.,Non-Spam
428,21-05-21,FREE for 1st week! No1 Nokia tone 4 ur mobile every week just txt NOKIA to 8077 Get txting and tell ur mates. www.getzed.co.uk POBox 36504 W45WQ 16+ norm150p/tone,Spam
429,11-03-21,Yeah I imagine he would be really gentle. Unlike the other docs who treat their patients like turkeys.,Non-Spam
430,30-05-21,Oh shut it. Omg yesterday I had a dream that I had 2 kids both boys. I was so pissed. Not only about the kids but them being boys. I even told mark in my dream that he was changing diapers cause I'm not getting owed in the face.,Non-Spam
431,29-07-21,Yup... I havent been there before... You want to go for the yoga? I can call up to book ,Non-Spam
432,15-03-21,"YOU VE WON! Your 4* Costa Del Sol Holiday or £5000 await collection. Call 09050090044 Now toClaim. SAE, TC s, POBox334, Stockport, SK38xh, Cost£1.50/pm, Max10mins",Spam
433,15-09-21,There are some nice pubs near here or there is Frankie n Bennys near the warner cinema?,Non-Spam
434,25-12-21,Sorry * was at the grocers.,Non-Spam
435,28-02-21,Sday only joined.so training we started today:),Non-Spam
436,30-08-21,"Hmm... Dunno leh, mayb a bag 4 goigng out dat is not too small. Or jus anything except perfume, smth dat i can keep.",Non-Spam
437,30-09-21,it's still not working. And this time i also tried adding zeros. That was the savings. The checking is  &lt;#&gt; ,Non-Spam
438,28-04-21,That sucks. I'll go over so u can do my hair. You'll do it free right?,Non-Spam
439,02-05-21,Any way where are you and what doing.,Non-Spam
440,22-01-21,"Rose for red,red for blood,blood for heart,heart for u. But u for me.... Send tis to all ur friends.. Including me.. If u like me.. If u get back, 1-u r poor in relation! 2-u need some 1 to support 3-u r frnd 2 many 4-some1 luvs u 5+- some1 is praying god to marry u.:-) try it....",Non-Spam
441,28-02-21,Wot about on wed nite I am 3 then but only til 9!,Non-Spam
442,27-11-21,Cuz ibored. And don wanna study,Non-Spam
443,16-04-21,"To the wonderful Okors, have a great month. We cherish you guys and wish you well each day. MojiBiola",Non-Spam
444,12-11-21,"After my work ah... Den 6 plus lor... U workin oso rite... Den go orchard lor, no other place to go liao...",Non-Spam
445,04-07-21,"He is impossible to argue with and he always treats me like his sub, like he never released me ... Which he did and I will remind him of that if necessary",Non-Spam
446,10-12-21,"Hi Chikku, send some nice msgs",Non-Spam
447,25-01-21,NOT ENUFCREDEIT TOCALL.SHALL ILEAVE UNI AT 6 +GET A BUS TO YOR HOUSE?,Non-Spam
448,16-02-21,"Oops I did have it,  &lt;#&gt; ?",Non-Spam
449,19-08-21,PRIVATE! Your 2003 Account Statement for 078,Spam
450,19-03-21,Lol for real. She told my dad I have cancer,Non-Spam
451,14-12-21,Are you driving or training?,Non-Spam
452,02-10-21,Aslamalaikkum....insha allah tohar beeen muht albi mufti mahfuuz...meaning same here....,Non-Spam
453,26-09-21,Thanks. Fills me with complete calm and reassurance! ,Non-Spam
454,28-12-21,"Get 3 Lions England tone, reply lionm 4 mono or lionp 4 poly. 4 more go 2 www.ringtones.co.uk, the original n best. Tones 3GBP network operator rates apply.",Spam
455,12-10-21,Argh why the fuck is nobody in town ;_;,Non-Spam
456,08-06-21,U definitely need a module from e humanities dis sem izzit? U wan 2 take other modules 1st?,Non-Spam
457,11-07-21,December only! Had your mobile 11mths+? You are entitled to update to the latest colour camera mobile for Free! Call The Mobile Update VCo FREE on 08002986906 ,Spam
458,05-03-21,I've reached sch already...,Non-Spam
459,07-04-21,You have 1 new message. Please call 08715205273,Spam
460,26-04-21,Oh you got many responsibilities.,Non-Spam
461,23-08-21,"The sign of maturity is not when we start saying big things.. But actually it is, when we start understanding small things... *HAVE A NICE EVENING* BSLVYL",Non-Spam
462,23-04-21,I REALLY NEED 2 KISS U I MISS U MY BABY FROM UR BABY 4EVA,Non-Spam
463,01-03-21,Ding me on ya break fassyole! Blacko from londn,Non-Spam
464,03-10-21,I wnt to buy a BMW car urgently..its vry urgent.but hv a shortage of  &lt;#&gt; Lacs.there is no source to arng dis amt. &lt;#&gt; lacs..thats my prob,Non-Spam
465,11-05-21,"A Boy loved a gal. He propsd bt she didnt mind. He gv lv lttrs, Bt her frnds threw thm. Again d boy decided 2 aproach d gal , dt time a truck was speeding towards d gal. Wn it was about 2 hit d girl,d boy ran like hell n saved her. She asked 'hw cn u run so fast?' D boy replied ""Boost is d secret of my energy"" n instantly d girl shouted ""our energy"" n Thy lived happily 2gthr drinking boost evrydy Moral of d story:- I hv free msgs:D;): gud ni8",Non-Spam
466,08-06-21,In other news after hassling me to get him weed for a week andres has no money. HAUGHAIGHGTUJHYGUJ,Non-Spam
467,09-04-21,This msg is for your mobile content order It has been resent as previous attempt failed due to network error Queries to customersqueries@netvision.uk.com,Spam
468,01-05-21,Nope thats fine. I might have a nap tho! ,Non-Spam
469,05-06-21,"Aight, call me once you're close",Non-Spam
470,30-07-21,"Ah, well that confuses things, doesnt it? I thought was friends with now. Maybe i did the wrong thing but i already sort of invited -tho he may not come cos of money.",Non-Spam
471,07-07-21,"TheMob>Hit the link to get a premium Pink Panther game, the new no. 1 from Sugababes, a crazy Zebra animation or a badass Hoody wallpaper-all 4 FREE!",Spam
472,30-11-21,Sorry about that this is my mates phone and i didnt write it love Kate,Non-Spam
473,28-12-21,But i'm really really broke oh. No amount is too small even  &lt;#&gt; ,Non-Spam
474,29-09-21,K.k.this month kotees birthday know?,Non-Spam
475,30-08-21,"Hi Shanil,Rakhesh here.thanks,i have exchanged the uncut diamond stuff.leaving back. Excellent service by Dino and Prem.",Non-Spam
476,14-07-21,Gokila is talking with you aha:),Non-Spam
477,13-02-21,"My fri ah... Okie lor,goin 4 my drivin den go shoppin after tt...",Non-Spam
478,27-04-21,No no. I will check all rooms befor activities,Non-Spam
479,31-07-21,"St andre, virgil's cream",Non-Spam
480,27-05-21,What type of stuff do you sing?,Non-Spam
481,24-01-21,I wont do anything de.,Non-Spam
482,12-02-21,"Good morning, im suffering from fever and dysentry ..will not be able to come to office today.",Non-Spam
483,14-11-21,Omg if its not one thing its another. My cat has worms :/ when does this bad day end?,Non-Spam
484,18-07-21,Sorry i missed your call. Can you please call back.,Non-Spam
485,26-06-21,Hey happy birthday...,Non-Spam
486,24-01-21,Aiya we discuss later lar... Pick ü up at 4 is it?,Non-Spam
487,14-02-21,Amazing : If you rearrange these letters it gives the same meaning... Dormitory = Dirty room Astronomer = Moon starer The eyes = They see Election results = Lies lets recount Mother-in-law = Woman Hitler Eleven plus two =Twelve plus one Its Amazing... !:-),Non-Spam
488,25-06-21,"Keep ur problems in ur heart, b'coz nobody will fight for u. Only u &amp; u have to fight for ur self &amp; win the battle. -VIVEKANAND- G 9t.. SD..
ham	Yeah, give me a call if you've got a minute
ham	HI BABE UAWAKE?FEELLIKW SHIT.JUSTFOUND OUT VIA ALETTER THATMUM GOTMARRIED 4thNOV.BEHIND OURBACKS – FUCKINNICE!SELFISH,DEVIOUSBITCH.ANYWAY,I’L CALL U""",Non-Spam
489,30-04-21,Mark works tomorrow. He gets out at 5. His work is by your house so he can meet u afterwards.,Non-Spam
490,27-05-21,Do you want a New Nokia 3510i colour phone DeliveredTomorrow? With 300 free minutes to any mobile + 100 free texts + Free Camcorder reply or call 08000930705.,Spam
491,03-03-21,"Guy, no flash me now. If you go call me, call me. How madam. Take care oh.",Non-Spam
492,25-04-21,"Well, i'm glad you didn't find it totally disagreeable ... Lol",Non-Spam
493,09-02-21,"This is the 2nd attempt to contract U, you have won this weeks top prize of either £1000 cash or £200 prize. Just call 09066361921",Spam
494,05-04-21,I want to sent  &lt;#&gt; mesages today. Thats y. Sorry if i hurts,Non-Spam
495,11-11-21,Gud ni8 dear..slp well..take care..swt dreams..Muah..,Non-Spam
496,28-09-21,WIN a £200 Shopping spree every WEEK Starting NOW. 2 play text STORE to 88039. SkilGme. TsCs08714740323 1Winawk! age16 £1.50perweeksub.,Spam
497,14-08-21,As in different styles?,Non-Spam
498,16-09-21,5p 4 alfie Moon's Children in need song on ur mob. Tell ur m8s. Txt Tone charity to 8007 for Nokias or Poly charity for polys: zed 08701417012 profit 2 charity.,Spam
499,12-12-21,Hai dear friends... This is my new &amp; present number..:) By Rajitha Raj (Ranju),Non-Spam
500,25-07-21,Talk to g and x about that,Non-Spam
501,08-11-21,83039 62735=£450 UK Break AccommodationVouchers terms & conditions apply. 2 claim you mustprovide your claim number which is 15541 ,Spam
502,21-06-21,I calls you later. Afternoon onwords mtnl service get problem in south mumbai. I can hear you but you cann't listen me.,Non-Spam
503,04-06-21,But your brother transfered only  &lt;#&gt;  +  &lt;#&gt; . Pa.,Non-Spam
504,12-12-21,I dunno lei... Like dun haf...,Non-Spam
505,04-11-21,Ok i also wan 2 watch e 9 pm show...,Non-Spam
506,12-04-21,Havent stuck at orchard in my dad's car. Going 4 dinner now. U leh? So r they free tonight?,Non-Spam
507,11-08-21,"Sorry, I'll call you  later. I am in meeting sir.",Non-Spam
508,19-08-21,I think i am disturbing her da,Non-Spam
509,27-08-21,Free video camera phones with Half Price line rental for 12 mths and 500 cross ntwk mins 100 txts. Call MobileUpd8 08001950382 or Call2OptOut/674,Spam
510,03-01-21,"Geeeee ... Your internet is really bad today, eh ?",Non-Spam
511,26-02-21,Hey next sun 1030 there's a basic yoga course... at bugis... We can go for that... Pilates intro next sat.... Tell me what time you r free,Non-Spam
512,01-05-21,Goodnight da thangam I really miss u dear.,Non-Spam
513,08-08-21,Am on a train back from northampton so i'm afraid not! I'm staying skyving off today ho ho! Will be around wednesday though. Do you fancy the comedy club this week by the way?,Non-Spam
514,29-12-21,Double Mins & Double Txt & 1/2 price Linerental on Latest Orange Bluetooth mobiles. Call MobileUpd8 for the very latest offers. 08000839402 or call2optout/LF56,Spam
515,14-08-21,Lmao you know me so well...,Non-Spam
516,26-08-21,"Tick, tick, tick .... Where are you ? I could die of loneliness you know ! *pouts* *stomps feet* I need you ...",Non-Spam
517,07-10-21,With my sis lor... We juz watched italian job.,Non-Spam
518,24-05-21,I will vote for wherever my heart guides me,Non-Spam
519,23-01-21,Yeah so basically any time next week you can get away from your mom &amp; get up before 3,Non-Spam
520,14-11-21,Hmmm.still we dont have opener?,Non-Spam
521,13-10-21,Desires- u going to doctor 4 liver. And get a bit stylish. Get ur hair managed. Thats it.,Non-Spam
522,15-03-21,"We have sent JD for Customer Service cum Accounts Executive to ur mail id, For details contact us",Non-Spam
523,26-07-21,"Dunno, my dad said he coming home 2 bring us out 4 lunch. Yup i go w u lor. I call u when i reach school lor...",Non-Spam
524,14-12-21,O ic lol. Should play 9 doors sometime yo,Non-Spam
525,03-03-21,Jamster! To get your free wallpaper text HEART to 88888 now! T&C apply. 16 only. Need Help? Call 08701213186.,Spam
526,26-03-21,She ran off with a younger man. we will make pretty babies together :),Non-Spam
527,03-07-21,Natalie (20/F) is inviting you to be her friend. Reply YES-165 or NO-165 See her: www.SMS.ac/u/natalie2k9 STOP? Send STOP FRND to 62468,Spam
528,30-04-21,Pls clarify back if an open return ticket that i have can be preponed for me to go back to kerala.,Non-Spam
529,30-10-21,Thanks for being there for me just to talk to on saturday. You are very dear to me. I cherish having you as a brother and role model.,Non-Spam
530,03-11-21,(You didn't hear it from me),Non-Spam
531,08-01-21,You won't believe it but it's true. It's Incredible Txts! Reply G now to learn truly amazing things that will blow your mind. From O2FWD only 18p/txt,Spam
532,12-09-21,How many times i told in the stage all use to laugh. You not listen aha.,Non-Spam
533,25-03-21,I want to go to perumbavoor,Non-Spam
534,15-10-21,"* Was really good to see you the other day dudette, been missing you!",Non-Spam
535,27-02-21,Ok i vl..do u know i got adsense approved..,Non-Spam
536,22-12-21,Hey... Very inconvenient for your sis a not huh?,Non-Spam
537,19-04-21,Is there coming friday is leave for pongal?do you get any news from your work place.,Non-Spam
538,04-02-21,I'd like to tell you my deepest darkest fantasies. Call me 09094646631 just 60p/min. To stop texts call 08712460324 (nat rate),Spam
539,16-12-21,Go chase after her and run her over while she's crossing the street,Non-Spam
540,14-07-21,PRIVATE! Your 2003 Account Statement for shows 800 un-redeemed S.I.M. points. Call 08715203685 Identifier Code:4xx26 Expires 13/10/04,Spam
541,22-06-21,Ur cash-balance is currently 500 pounds - to maximize ur cash-in now send GO to 86688 only 150p/meg. CC: 08718720201 HG/Suite342/2lands Row/W1j6HL,Spam
542,22-06-21,I was gonna ask you lol but i think its at 7,Non-Spam
543,09-04-21,Where you. What happen,Non-Spam
544,21-06-21,Anyway holla at me whenever you're around because I need an excuse to go creep on people in sarasota,Non-Spam
545,25-04-21,Yes its possible but dint try. Pls dont tell to any one k,Non-Spam
546,11-01-21,:-( sad puppy noise,Non-Spam
547,01-01-21,"It's cool, we can last a little while. Getting more any time soon?",Non-Spam
548,21-12-21,Great! How is the office today?,Non-Spam
549,04-04-21,Babe ! What are you doing ? Where are you ? Who are you talking to ? Do you think of me ? Are you being a good boy? Are you missing me? Do you love me ?,Non-Spam
550,01-03-21,Dear 0776xxxxxxx U've been invited to XCHAT. This is our final attempt to contact u! Txt CHAT to 86688 150p/MsgrcvdHG/Suite342/2Lands/Row/W1J6HL LDN 18yrs,Spam
551,22-09-21,Hey gals...U all wanna meet 4 dinner at nìte? ,Non-Spam
552,10-12-21,I think the other two still need to get cash but we can def be ready by 9,Non-Spam
553,17-10-21,Hello boytoy ! Geeee ... I'm missing you today. I like to send you a tm and remind you I'm thinking of you ... And you are loved ... *loving kiss*,Non-Spam
554,24-08-21,"Uncle G, just checking up on you. Do have a rewarding month",Non-Spam
555,06-12-21,U attend ur driving lesson how many times a wk n which day?,Non-Spam
556,11-11-21,You have WON a guaranteed £1000 cash or a £2000 prize. To claim yr prize call our customer service representative on 08714712412 between 10am-7pm Cost 10p,Spam
557,09-12-21,"By the way, 'rencontre' is to meet again. Mountains dont....",Non-Spam
558,26-10-21,"My mobile number.pls sms ur mail id.convey regards to achan,amma.Rakhesh.Qatar",Non-Spam
559,18-05-21,Go fool dont cheat others ok,Non-Spam
560,12-07-21,Oh k. . I will come tomorrow,Non-Spam
561,28-08-21,ILL B DOWN SOON,Non-Spam
562,14-11-21,Guess which pub im in? Im as happy as a pig in clover or whatever the saying is! ,Non-Spam
563,27-07-21,There's someone here that has a year  &lt;#&gt;  toyota camry like mr olayiwola's own. Mileage is  &lt;#&gt; k.its clean but i need to know how much will it sell for. If i can raise the dough for it how soon after landing will it sell. Holla back.,Non-Spam
564,02-11-21,CDs 4u: Congratulations ur awarded £500 of CD gift vouchers or £125 gift guaranteed & Freeentry 2 £100 wkly draw xt MUSIC to 87066 TnCs www.ldew.com1win150ppmx3age16 ,Spam
565,03-11-21,You still around? Looking to pick up later,Non-Spam
566,22-06-21,"Nope. Since ayo travelled, he has forgotten his guy",Non-Spam
567,11-11-21,Well its not like you actually called someone a punto. That woulda been worse.,Non-Spam
568,20-10-21,"Hmph. Go head, big baller.",Non-Spam
569,01-07-21,Can you talk with me..,Non-Spam
570,10-02-21,Esplanade lor. Where else...,Non-Spam
571,16-10-21,Happy new year. Hope you are having a good semester,Non-Spam
572,23-04-21,"Just looked it up and addie goes back Monday, sucks to be her",Non-Spam
573,09-11-21,My drive can only be read. I need to write,Non-Spam
574,18-01-21,"HEY KATE, HOPE UR OK... WILL GIVE U A BUZ WEDLUNCH. GO OUTSOMEWHERE 4 ADRINK IN TOWN..CUD GO 2WATERSHD 4 A BIT? PPL FROMWRK WILL BTHERE. LOVE PETEXXX.",Non-Spam
575,09-02-21,I'm hungry buy smth home...,Non-Spam
576,01-03-21,"We made it! Eta at taunton is 12:30 as planned, hope that‘s still okday?! Good to see you! :-xx",Non-Spam
577,17-10-21,Phony £350 award - Todays Voda numbers ending XXXX are selected to receive a £350 award. If you have a match please call 08712300220 quoting claim code 3100 standard rates app,Spam
578,23-02-21,So your telling me I coulda been your real Valentine and I wasn't? U never pick me for NOTHING!!,Non-Spam
579,28-10-21,Which channel:-):-):):-).,Non-Spam
580,19-03-21,No rushing. I'm not working. I'm in school so if we rush we go hungry.,Non-Spam
581,16-12-21,That's y u haf 2 keep me busy...,Non-Spam
582,07-10-21,Dont let studying stress you out. L8r.,Non-Spam
583,07-01-21,goldviking (29/M) is inviting you to be his friend. Reply YES-762 or NO-762 See him: www.SMS.ac/u/goldviking STOP? Send STOP FRND to 62468,Spam
584,31-08-21,Networking job is there.,Non-Spam
585,13-04-21,Slept? I thinkThis time ( &lt;#&gt;  pm) is not dangerous,Non-Spam
586,01-03-21,I said its okay. Sorry,Non-Spam
587,28-11-21,So what u doing today?,Non-Spam
588,07-05-21,Spending new years with my brother and his family. Lets plan to meet next week. Are you ready to be spoiled? :),Non-Spam
589,07-10-21,JADE ITS PAUL. Y DIDN’T U TXT ME? DO U REMEMBER ME FROM BARMED? I WANT 2 TALK 2 U! TXT ME,Non-Spam
590,10-11-21,"A boy was late 2 home. His father: ""POWER OF FRNDSHIP""",Non-Spam
591,02-06-21,You are gorgeous! keep those pix cumming :) thank you!,Non-Spam
592,05-12-21,Yar... I tot u knew dis would happen long ago already.,Non-Spam
593,16-11-21,Aiyo u so poor thing... Then u dun wan 2 eat? U bathe already?,Non-Spam
594,27-06-21,Oops I was in the shower when u called. Hey a parking garage collapsed at university hospital. See I'm not crazy. Stuff like that DOES happen.,Non-Spam
595,06-10-21,I'm fine. Hope you are good. Do take care.,Non-Spam
596,28-03-21,Hey come online! Use msn... We are all there,Non-Spam
597,07-10-21,We are supposed to meet to discuss abt our trip... Thought xuhui told you? In the afternoon. Thought we can go for lesson after that,Non-Spam
598,25-07-21,I will cme i want to go to hos 2morow. After that i wil cme. This what i got from her dear what to do. She didnt say any time,Non-Spam
599,22-09-21,Future is not what we planned for tomorrow.....! it is the result of what we do today...! Do the best in present... enjoy the future.,Non-Spam
600,08-01-21,You can donate £2.50 to UNICEF's Asian Tsunami disaster support fund by texting DONATE to 864233. £2.50 will be added to your next bill,Spam
601,19-10-21,URGENT! We are trying to contact U. Todays draw shows that you have won a £2000 prize GUARANTEED. Call 09058094507 from land line. Claim 3030. Valid 12hrs only,Spam
602,04-09-21,"A few people are at the game, I'm at the mall with iouri and kaila",Non-Spam
603,07-04-21,Dear Voucher holder Have your next meal on us. Use the following link on your pc 2 enjoy a 2 4 1 dining experiencehttp://www.vouch4me.com/etlp/dining.asp,Spam
604,18-04-21,I want to see your pretty pussy...,Non-Spam
605,24-01-21,Yup ok...,Non-Spam
606,18-06-21,"A bit of Ur smile is my hppnss, a drop of Ur tear is my sorrow, a part of Ur heart is my life, a heart like mine wil care for U, forevr as my GOODFRIEND",Non-Spam
607,16-08-21,I want  &lt;#&gt;  rs da:)do you have it?,Non-Spam
608,28-03-21,"What i mean was i left too early to check, cos i'm working a 9-6.",Non-Spam
609,16-05-21,Why didn't u call on your lunch?,Non-Spam
610,25-02-21,I'm vivek:)i got call from your number.,Non-Spam
611,15-12-21,"Ahhhh...just woken up!had a bad dream about u tho,so i dont like u right now :) i didnt know anything about comedy night but i guess im up for it.",Non-Spam
612,09-08-21,Doing my masters. When will you buy a bb cos i have for sale and how's bf,Non-Spam
613,05-02-21,U coming back 4 dinner rite? Dad ask me so i re confirm wif u...,Non-Spam
614,26-07-21,I lost 4 pounds since my doc visit last week woot woot! Now I'm gonna celebrate by stuffing my face!,Non-Spam
615,21-11-21,"Welcome to Select, an O2 service with added benefits. You can now call our specially trained advisors FREE from your mobile by dialling 402.",Spam
616,07-11-21,hi baby im sat on the bloody bus at the mo and i wont be home until about 7:30 wanna do somethin later? call me later ortxt back jess xx,Non-Spam
617,22-12-21,Hi its me you are probably having too much fun to get this message but i thought id txt u cos im bored! and james has been farting at me all night,Non-Spam
618,27-10-21,I am in bus on the way to calicut,Non-Spam
619,01-05-21,"Hi this is Amy, we will be sending you a free phone number in a couple of days, which will give you an access to all the adult parties...",Spam
620,02-09-21,Great News! Call FREEFONE 08006344447 to claim your guaranteed £1000 CASH or £2000 gift. Speak to a live operator NOW!,Spam
621,03-11-21,I'm already back home so no probably not,Non-Spam
622,15-07-21,"Anyway I don't think I can secure anything up here, lemme know if you want me to drive down south and chill",Non-Spam
623,11-07-21,Wrong phone! This phone! I answer this one but assume the other is people i don't well,Non-Spam
624,23-07-21,Check mail.i have mailed varma and kept copy to you regarding membership.take care.insha allah.,Non-Spam
625,07-01-21,"I'm eatin now lor, but goin back to work soon... E mountain deer show huh... I watch b4 liao, very nice...",Non-Spam
626,29-10-21,Omg you can make a wedding chapel in frontierville? Why do they get all the good stuff?,Non-Spam
627,04-01-21,Ü go home liao? Ask dad to pick me up at 6...,Non-Spam
628,26-10-21,Tomarrow i want to got to court. At  &lt;DECIMAL&gt; . So you come to bus stand at 9.,Non-Spam
629,28-10-21,No it was cancelled yeah baby! Well that sounds important so i understand my darlin give me a ring later on this fone love Kate x,Non-Spam
630,08-11-21,G wants to know where the fuck you are,Non-Spam
631,15-06-21,K..k.:)congratulation ..,Non-Spam
632,04-11-21,"Hey babe, how's it going ? Did you ever figure out where your going for New Years ?",Non-Spam
633,27-09-21,Hey do you want anything to buy:),Non-Spam
634,12-10-21,Once free call me sir.,Non-Spam
635,15-04-21,Match started.india  &lt;#&gt;  for 2,Non-Spam
636,12-04-21,"Good morning, my boytoy! How's those yummy lips ? Where's my sexy buns now ? What do you do ? Do you think of me ? Do you crave me ? Do you need me ?",Non-Spam
637,09-06-21,"Hi, the SEXYCHAT girls are waiting for you to text them. Text now for a great night chatting. send STOP to stop this service",Spam
638,11-02-21,"Got what it takes 2 take part in the WRC Rally in Oz? U can with Lucozade Energy! Text RALLY LE to 61200 (25p), see packs or lucozade.co.uk/wrc & itcould be u!",Spam
639,10-03-21,Just hopeing that wasn‘t too pissed up to remember and has gone off to his sisters or something!,Non-Spam
640,28-05-21,Wanna do some art?! :D,Non-Spam
641,08-09-21,"Oh yes, why is it like torture watching england?",Non-Spam
642,18-07-21,Ok... Let u noe when i leave my house.,Non-Spam
643,20-09-21,We can go 4 e normal pilates after our intro...  ,Non-Spam
644,05-10-21,Oh yah... We never cancel leh... Haha ,Non-Spam
645,22-07-21,Hi Dear Call me its urgnt. I don't know whats your problem. You don't want to work or if you have any other problem at least tell me. Wating for your reply.,Non-Spam
646,25-09-21,"Its so common hearin How r u? Wat r u doing? How was ur day? So let me ask u something different. Did u smile today? If not, do it now.... Gud evng.",Non-Spam
647,25-08-21,"G says you never answer your texts, confirm/deny",Non-Spam
648,07-07-21,Re your call; You didn't see my facebook huh?,Non-Spam
649,12-02-21,Sitting in mu waiting for everyone to get out of my suite so I can take a shower,Non-Spam
650,01-08-21,"This is the 2nd time we have tried 2 contact u. U have won the 750 Pound prize. 2 claim is easy, call 08712101358 NOW! Only 10p per min. BT-national-rate",Spam
651,10-08-21,"Just dropped em off, omw back now",Non-Spam
652,29-01-21,We took hooch for a walk toaday and i fell over! Splat! Grazed my knees and everything! Should have stayed at home! See you tomorrow! ,Non-Spam
653,08-04-21,You've already got a flaky parent. It'snot supposed to be the child's job to support the parent...not until they're The Ride age anyway. I'm supposed to be there to support you. And now i've hurt you. unintentional. But hurt nonetheless.,Non-Spam
654,16-06-21,"Goal! Arsenal 4 (Henry, 7 v Liverpool 2 Henry scores with a simple shot from 6 yards from a pass by Bergkamp to give Arsenal a 2 goal margin after 78 mins.",Spam
655,13-11-21,I am on the way to tirupur.,Non-Spam
656,31-07-21,Love that holiday Monday feeling even if I have to go to the dentists in an hour,Non-Spam
657,21-03-21,WE REGRET TO INFORM U THAT THE NHS HAS MADE A MISTAKE.U WERE NEVER ACTUALLY BORN.PLEASE REPORT 2 YOR LOCAL HOSPITAL 2B TERMINATED.WE R SORRY 4 THE INCONVENIENCE,Non-Spam
658,15-07-21,Will do. Have a good day,Non-Spam
659,21-10-21,"I'm in solihull, | do you want anything?",Non-Spam
660,20-02-21,Then anything special?,Non-Spam
661,24-01-21,Will you come online today night,Non-Spam
662,04-02-21,Warner Village 83118 C Colin Farrell in SWAT this wkend @Warner Village & get 1 free med. Popcorn!Just show msg+ticket@kiosk.Valid 4-7/12. C t&c @kiosk. Reply SONY 4 mre film offers,Spam
663,15-09-21,"no, i *didn't* mean to post it. I wrote it, and like so many other times i've ritten stuff to you, i let it sit there. it WAS what i was feeling at the time. I was angry. Before i left, i hit send, then stop. It wasn't there. I checked on my phone when i got to my car. It wasn't there. You said you didn't sleep, you were bored. So why wouldn't THAT be the time to clean, fold laundry, etc.? At least make the bed?",Non-Spam
664,13-08-21,I;m reaching in another 2 stops.,Non-Spam
665,16-06-21,* FREE* POLYPHONIC RINGTONE Text SUPER to 87131 to get your FREE POLY TONE of the week now! 16 SN PoBox202 NR31 7ZS subscription 450pw,Spam
666,18-05-21,Taka lor. Wat time u wan 2 come n look 4 us?,Non-Spam
667,11-02-21,"ou are guaranteed the latest Nokia Phone, a 40GB iPod MP3 player or a £500 prize! Txt word: COLLECT to No: 83355! IBHltd LdnW15H 150p/Mtmsgrcvd18",Spam
668,29-03-21,"Haha, that was the first person I was gonna ask",Non-Spam
669,30-07-21,Oh for fuck's sake she's in like tallahassee,Non-Spam
670,03-05-21,I cant pick the phone right now. Pls send a message,Non-Spam
671,22-02-21,2 and half years i missed your friendship:-),Non-Spam
672,03-01-21,Want the latest Video handset? 750 anytime any network mins? Half price line rental? Reply or call 08000930705 for delivery tomorrow,Spam
673,30-10-21,Convey my regards to him,Non-Spam
674,03-06-21,Send me the new number,Non-Spam
675,11-02-21,Miserable. They don't tell u that the side effects of birth control are massive gut wrenching cramps for the first 2 months. I didn't sleep at all last night.,Non-Spam
676,18-04-21,Its worse if if uses half way then stops. Its better for him to complete it.,Non-Spam
677,16-02-21,Sounds like there could be a lot of time spent in that chastity device boy ... *grins* ... Or take your beatings like a good dog. Going to lounge in a nice long bath now ?,Non-Spam
678,06-01-21,"Japanese Proverb: If one Can do it, U too Can do it, If none Can do it,U must do it Indian version: If one Can do it, LET HIM DO it.. If none Can do it,LEAVE it!! And finally Kerala version: If one can do it, Stop him doing it.. If none can do it, Make a strike against it ...",Non-Spam
679,11-06-21,You have to pls make a note of all she.s exposed to. Also find out from her school if anyone else was vomiting. Is there a dog or cat in the house? Let me know later.,Non-Spam
680,15-07-21,Todays Vodafone numbers ending with 4882 are selected to a receive a £350 award. If your number matches call 09064019014 to receive your £350 award.,Spam
681,18-01-21,Or just do that 6times,Non-Spam
682,17-10-21,Poor girl can't go one day lmao,Non-Spam
683,31-01-21,For many things its an antibiotic and it can be used for chest abdomen and gynae infections even bone infections.,Non-Spam
684,03-04-21,"New Theory: Argument wins d SITUATION, but loses the PERSON. So dont argue with ur friends just.. . . . kick them &amp; say, I'm always correct.!",Non-Spam
685,02-09-21,As usual u can call me ard 10 smth.,Non-Spam
686,26-11-21,When/where do I pick you up,Non-Spam
687,13-12-21,alright tyler's got a minor crisis and has to be home sooner than he thought so be here asap,Non-Spam
688,26-03-21,Yeah just open chat and click friend lists. Then make the list. Easy as pie,Non-Spam
689,28-02-21,No 1 POLYPHONIC tone 4 ur mob every week! Just txt PT2 to 87575. 1st Tone FREE ! so get txtin now and tell ur friends. 150p/tone. 16 reply HL 4info,Spam
690,09-01-21,The world's most happiest frnds never have the same characters... Dey just have the best understanding of their differences...,Non-Spam
691,02-06-21,lyricalladie(21/F) is inviting you to be her friend. Reply YES-910 or NO-910. See her: www.SMS.ac/u/hmmross STOP? Send STOP FRND to 62468,Spam
692,07-02-21,"I know dat feelin had it with Pete! Wuld get with em , nuther place nuther time mayb?",Non-Spam
693,25-04-21,Wat happened to the cruise thing,Non-Spam
694,28-05-21,Lol! Oops sorry! Have fun. ,Non-Spam
695,20-01-21,Hi dis is yijue i would be happy to work wif ü all for gek1510...,Non-Spam
696,27-04-21,Well. You know what i mean. Texting,Non-Spam
697,14-11-21,Dip's cell dead. So i m coming with him. U better respond else we shall come back.,Non-Spam
698,11-06-21,1. Tension face 2. Smiling face 3. Waste face 4. Innocent face 5.Terror face 6.Cruel face 7.Romantic face 8.Lovable face 9.decent face  &lt;#&gt; .joker face.,Non-Spam
699,17-11-21,"Watching cartoon, listening music &amp; at eve had to go temple &amp; church.. What about u?",Non-Spam
700,04-03-21,Okey dokey swashbuckling stuff what oh.,Non-Spam
701,10-08-21,"Oh! Shit, I thought that was your trip! Loooooool ... That just makes SO much more sense now ... *grins* and the sofa reference was ... The ""sleep on a couch"" link you sent me ... Wasn't that how you went on your trip ? Oh ... And didn't your babe go with you for that celebration with your rents?",Non-Spam
702,26-05-21,I'm really sorry I lit your hair on fire,Non-Spam
703,12-04-21,Sorry da..today i wont come to play..i have driving clas..,Non-Spam
704,12-12-21,Bored housewives! Chat n date now! 0871750.77.11! BT-national rate 10p/min only from landlines!,Spam
705,10-03-21,**FREE MESSAGE**Thanks for using the Auction Subscription Service. 18 . 150p/MSGRCVD 2 Skip an Auction txt OUT. 2 Unsubscribe txt STOP CustomerCare 08718726270,Spam
706,01-12-21,Nokia phone is lovly..,Non-Spam
707,30-11-21,"Response is one of d powerful weapon 2 occupy a place in others 'HEART'... So, always give response 2 who cares 4 U""... Gud night..swt dreams..take care",Non-Spam
708,21-01-21,"Hey, a guy I know is breathing down my neck to get him some bud, anyway you'd be able to get a half track to usf tonight?",Non-Spam
709,15-01-21,Ok...,Non-Spam
710,14-07-21,Thanks  and ! Or bomb and date as my phone wanted to say! ,Non-Spam
711,05-09-21,yes baby! I need to stretch open your pussy!,Non-Spam
712,18-02-21,Same to u...,Non-Spam
713,05-04-21,"Also north carolina and texas atm, you would just go to the gre site and pay for the test results to be sent.",Non-Spam
714,28-10-21,I'm fine. Hope you are also,Non-Spam
715,03-02-21,I liked your new house,Non-Spam
716,18-03-21,Gain the rights of a wife.dont demand it.i am trying as husband too.Lets see,Non-Spam
717,11-10-21,Maybe you should find something else to do instead???,Non-Spam
718,01-12-21,either way works for me. I am  &lt;#&gt;  years old. Hope that doesnt bother you.,Non-Spam
719,06-02-21,S.this will increase the chance of winning.,Non-Spam
720,02-02-21,I am in escape theatre now. . Going to watch KAVALAN in a few minutes,Non-Spam
721,16-01-21,Pls help me tell Ashley that i cant find her number oh,Non-Spam
722,25-11-21,Missing you too.pray inshah allah,Non-Spam
723,16-04-21,YOU HAVE WON! As a valued Vodafone customer our computer has picked YOU to win a £150 prize. To collect is easy. Just call 09061743386 ,Spam
724,04-07-21,I need details about that online job.,Non-Spam
725,26-10-21,"Awesome, that gonna be soon or later tonight?",Non-Spam
726,23-05-21,"Hmmm.... Mayb can try e shoppin area one, but forgot e name of hotel...",Non-Spam
727,15-09-21,PRIVATE! Your 2003 Account Statement for shows 800 un-redeemed S. I. M. points. Call 08715203652 Identifier Code: 42810 Expires 29/10/0,Spam
728,07-05-21,That's one of the issues but california is okay. No snow so its manageable,Non-Spam
729,19-12-21,All boys made fun of me today. Ok i have no problem. I just sent one message just for fun,Non-Spam
730,04-11-21,....photoshop makes my computer shut down.,Non-Spam
731,16-11-21,Yay can't wait to party together!,Non-Spam
732,05-03-21,"OH RITE. WELL IM WITH MY BEST MATE PETE, WHO I WENT OUT WITH 4 A WEEK+ NOW WERE 2GEVA AGAIN. ITS BEEN LONGER THAN A WEEK.",Non-Spam
733,04-11-21,I hope your pee burns tonite.,Non-Spam
734,14-09-21,"New Mobiles from 2004, MUST GO! Txt: NOKIA to No: 89545 & collect yours today! From ONLY £1. www.4-tc.biz 2optout 087187262701.50gbp/mtmsg18 TXTAUCTION.",Spam
735,24-12-21,Rats. Hey did u ever vote for the next themes?,Non-Spam
736,05-11-21,Po de :-):):-):-):-). No need job aha.,Non-Spam
737,05-12-21,"The word ""Checkmate"" in chess comes from the Persian phrase ""Shah Maat"" which means; ""the king is dead.."" Goodmorning.. Have a good day..:)",Non-Spam
738,17-03-21,"How long before you get reply, just defer admission til next semester",Non-Spam
739,20-08-21,Lol no. Just trying to make your day a little more interesting,Non-Spam
740,15-12-21,Yup but it's not giving me problems now so mayb i'll jus leave it...,Non-Spam
741,15-03-21,"Haha, just what I was thinkin",Non-Spam
742,30-10-21,I am going to sleep. I am tired of travel.,Non-Spam
743,30-05-21,Not thought bout it... || Drink in tap & spile at seven. || Is that pub on gas st off broad st by canal. || Ok?,Non-Spam
744,27-04-21,:-) :-),Non-Spam
745,04-11-21,u r a winner U ave been specially selected 2 receive £1000 cash or a 4* holiday (flights inc) speak to a live operator 2 claim 0871277810710p/min (18 ),Spam
746,16-02-21,Im good! I have been thinking about you...,Non-Spam
747,19-11-21,Check Out Choose Your Babe Videos @ sms.shsex.netUN fgkslpoPW fgkslpo,Spam
748,24-09-21,Got smaller capacity one? Quite ex...,Non-Spam
749,04-03-21,How's ur paper?,Non-Spam
750,22-12-21,Me too. Mark is taking forever to pick up my prescription and the pain is coming back.,Non-Spam
751,03-08-21,Anything is valuable in only 2 situations: First- Before getting it... Second- After loosing it...,Non-Spam
752,21-10-21,Ü no home work to do meh... ,Non-Spam
753,06-08-21,Ummmmmaah Many many happy returns of d day my dear sweet heart.. HAPPY BIRTHDAY dear,Non-Spam
754,16-11-21,i can call in  &lt;#&gt;  min if thats ok,Non-Spam
755,28-04-21,"fyi I'm at usf now, swing by the room whenever",Non-Spam
756,18-11-21,E admin building there? I might b slightly earlier... I'll call u when i'm reaching...,Non-Spam
757,28-10-21,"Honey, can you pls find out how much they sell Predicte in Nigeria. And how many times can it be used. Its very important to have a reply before monday",Non-Spam
758,04-02-21,"Don't worry though, I understand how important it is that I be put in my place with a poorly thought out punishment in the face of the worst thing that has ever happened to me. Brb gonna go kill myself",Non-Spam
759,18-01-21,What's up my own oga. Left my phone at home and just saw ur messages. Hope you are good. Have a great weekend.,Non-Spam
760,18-06-21,PRIVATE! Your 2004 Account Statement for 078498****7 shows 786 unredeemed Bonus Points. To claim call 08719180219 Identifier Code: 45239 Expires 06.05.05,Spam
761,09-08-21,Call me when u finish then i come n pick u.,Non-Spam
762,22-01-21,Sorry for the delay. Yes masters,Non-Spam
763,11-04-21,"Er, hello, things didn‘t quite go to plan – is limping slowly home followed by aa and with exhaust hanging off",Non-Spam
764,16-05-21,How do you plan to manage that,Non-Spam
765,12-07-21,Reverse is cheating. That is not mathematics.,Non-Spam
766,17-12-21,"The guy at the car shop who was flirting with me got my phone number from the paperwork and called and texted me. I'm nervous because of course now he may have my address. Should i call his boss and tell him, knowing this may get him fired?",Non-Spam
767,24-05-21,"its cool but tyler had to take off so we're gonna buy for him and drop it off at his place later tonight. Our total order is a quarter, you got enough?",Non-Spam
768,20-10-21,I dont know why she.s not getting your messages,Non-Spam
769,20-01-21,Just come home. I don't want u to be miserable,Non-Spam
770,18-07-21,Santa calling! Would your little ones like a call from Santa Xmas Eve? Call 09077818151 to book you time. Calls1.50ppm last 3mins 30s T&C www.santacalling.com,Spam
771,04-08-21,URGENT This is our 2nd attempt to contact U. Your £900 prize from YESTERDAY is still awaiting collection. To claim CALL NOW 09061702893,Spam
772,12-10-21,Saw Guys and Dolls last night with Patrick Swayze it was great,Non-Spam
773,26-11-21,Sorry that was my uncle. I.ll keep in touch,Non-Spam
774,11-12-21,Or u ask they all if next sat can a not. If all of them can make it then i'm ok lor.,Non-Spam
775,24-06-21,Gd luck 4 ur exams :-),Non-Spam
776,10-12-21,Send me your resume:-),Non-Spam
777,25-06-21,Yup. Izzit still raining heavily cos i'm in e mrt i can't c outside.,Non-Spam
778,12-06-21,We're on the opposite side from where we dropped you off,Non-Spam
779,12-04-21,"Thanx. Yup we coming back on sun. Finish dinner going back 2 hotel now. Time flies, we're tog 4 exactly a mth today. Hope we'll haf many more mths to come...",Non-Spam
780,25-12-21,Ü thk of wat to eat tonight.,Non-Spam
781,08-11-21,Holy living christ what is taking you so long,Non-Spam
782,24-01-21,"Urgent -call 09066649731from Landline. Your complimentary 4* Ibiza Holiday or £10,000 cash await collection SAE T&Cs PO BOX 434 SK3 8WP 150ppm 18+",Spam
783,11-03-21,Indeed and by the way it was either or - not both !,Non-Spam
784,26-04-21,"Especially since i talk about boston all up in my personal statement, lol! I woulda changed that if i had realized it said nyc! It says boston now.",Non-Spam
785,06-12-21,"Call me, i am senthil from hsbc.",Non-Spam
786,25-11-21,Yup... Hey then one day on fri we can ask miwa and jiayin take leave go karaoke ,Non-Spam
787,27-08-21,Sen told that he is going to join his uncle finance in cbe,Non-Spam
788,19-07-21,O we cant see if we can join denis and mina? Or does denis want alone time,Non-Spam
789,16-08-21,U R THE MOST BEAUTIFUL GIRL IVE EVER SEEN. U R MY BABY COME AND C ME IN THE COMMON ROOM,Non-Spam
790,26-06-21,Sorry completely forgot * will pop em round this week if your still here?,Non-Spam
791,06-01-21,Quite lor. But dun tell him wait he get complacent...,Non-Spam
792,28-07-21,"So many people seems to be special at first sight, But only very few will remain special to you till your last sight.. Maintain them till life ends.. Sh!jas",Non-Spam
793,05-12-21,U repeat e instructions again. Wat's e road name of ur house?,Non-Spam
794,22-03-21,Ok then u tell me wat time u coming later lor.,Non-Spam
795,17-06-21,"Hi, Mobile no.  &lt;#&gt;  has added you in their contact list on www.fullonsms.com It s a great place to send free sms to people For more visit fullonsms.com",Non-Spam
796,22-01-21,Hi..i got the money da:),Non-Spam
797,12-12-21,CHEERS LOU! YEAH WAS A GOODNITE SHAME U NEVA CAME! C YA GAILxx,Non-Spam
798,15-01-21,watever reLation u built up in dis world only thing which remains atlast iz lonlines with lotz n lot memories! feeling..,Non-Spam
799,26-01-21,I'm not sure if its still available though,Non-Spam
800,21-06-21,Your unique user ID is 1172. For removal send STOP to 87239 customer services 08708034412,Spam
801,31-03-21,Whens your radio show?,Non-Spam
802,19-08-21,if you text on your way to cup stop that should work. And that should be BUS,Non-Spam
803,18-02-21,Hi.:)technical support.providing assistance to us customer through call and email:),Non-Spam
804,26-09-21,Prepare to be pleasured :),Non-Spam
805,12-01-21,Me too! Have a lovely night xxx,Non-Spam
806,07-12-21,It's é only $140 ard...É rest all ard $180 at least...Which is é price 4 é 2 bedrm ($900),Non-Spam
807,14-12-21,I'm home. Doc gave me pain meds says everything is fine.,Non-Spam
808,14-06-21,Thanks 4 your continued support Your question this week will enter u in2 our draw 4 £100 cash. Name the NEW US President? txt ans to 80082,Spam
809,12-11-21,URGENT! Your Mobile number has been awarded with a £2000 prize GUARANTEED. Call 09061790121 from land line. Claim 3030. Valid 12hrs only 150ppm,Spam
810,23-08-21,"hey, looks like I was wrong and one of the kappa guys numbers is still on my phone, if you want I can text him and see if he's around",Non-Spam
811,14-12-21,Don't make life too stressfull.. Always find time to Laugh.. It may not add years to your Life! But surely adds more life to ur years!! Gud ni8..swt dreams..,Non-Spam
812,08-04-21,U wan 2 haf lunch i'm in da canteen now.,Non-Spam
813,19-01-21,Ok lor... Or u wan me go look 4 u?,Non-Spam
814,23-04-21,Cashbin.co.uk (Get lots of cash this weekend!) www.cashbin.co.uk Dear Welcome to the weekend We have got our biggest and best EVER cash give away!! These..,Spam
815,11-05-21,Well boy am I glad G wasted all night at applebees for nothing,Non-Spam
816,24-10-21,Your weekly Cool-Mob tones are ready to download !This weeks new Tones include: 1) Crazy Frog-AXEL F>>> 2) Akon-Lonely>>> 3) Black Eyed-Dont P >>>More info in n,Spam
817,29-04-21,"If you're still up, maybe leave the credit card so I can get gas when I get back like he told me to",Non-Spam
818,15-07-21,Thanx u darlin!im cool thanx. A few bday drinks 2 nite. 2morrow off! Take care c u soon.xxx,Non-Spam
819,15-05-21,The beauty of life is in next second.. which hides thousands of secrets. I wish every second will be wonderful in ur life...!! gud n8,Non-Spam
820,29-03-21,"When you just put in the + sign, choose my number and the pin will show. Right?",Non-Spam
821,16-07-21,Orh i tot u say she now still dun believe.,Non-Spam
822,28-12-21,Camera - You are awarded a SiPix Digital Camera! call 09061221066 fromm landline. Delivery within 28 days.,Spam
823,06-01-21,Thinking of u ;) x,Non-Spam
824,07-11-21,I am in hospital da. . I will return home in evening,Non-Spam
825,08-09-21,Ya very nice. . .be ready on thursday,Non-Spam
826,20-03-21,Many more happy returns of the day. I wish you happy birthday.,Non-Spam
827,28-09-21,"I keep seeing weird shit and bein all ""woah"" then realising it's actually reasonable and I'm all ""oh""",Non-Spam
828,14-07-21,We have pizza if u want,Non-Spam
829,24-10-21,I bought the test yesterday. Its something that lets you know the exact day u ovulate.when will get 2u in about 2 to 3wks. But pls pls dont fret. I know u r worried. Pls relax. Also is there anything in ur past history u need to tell me?,Non-Spam
830,16-08-21,"Nt only for driving even for many reasons she is called BBD..thts it chikku, then hw abt dvg cold..heard tht vinobanagar violence hw is the condition..and hw ru ? Any problem?",Non-Spam
831,25-01-21,"Not for possession, especially not first offense",Non-Spam
832,20-08-21,Oh k:)after that placement there ah?,Non-Spam
833,04-10-21,Buy Space Invaders 4 a chance 2 win orig Arcade Game console. Press 0 for Games Arcade (std WAP charge) See o2.co.uk/games 4 Terms + settings. No purchase,Spam
834,08-01-21,Good Morning my Dear Shijutta........... Have a great &amp; successful day.,Non-Spam
835,07-02-21,Wat time r ü going to xin's hostel?,Non-Spam
836,27-05-21,K:)eng rocking in ashes:),Non-Spam
837,19-05-21,I dont know ask to my brother. Nothing problem some thing that. Just i told .,Non-Spam
838,04-08-21,I've reached already.,Non-Spam
839,26-09-21,I (Career Tel) have added u as a contact on INDYAROCKS.COM to send FREE SMS. To remove from phonebook - sms NO to  &lt;#&gt;,Non-Spam
840,13-07-21,"Had your mobile 10 mths? Update to the latest Camera/Video phones for FREE. KEEP UR SAME NUMBER, Get extra free mins/texts. Text YES for a call",Spam
841,27-07-21,Jason says it's cool if we pick some up from his place in like an hour,Non-Spam
842,17-11-21,"There'll be a minor shindig at my place later tonight, you interested?",Non-Spam
843,28-08-21,"FREE GAME. Get Rayman Golf 4 FREE from the O2 Games Arcade. 1st get UR games settings. Reply POST, then save & activ8. Press 0 key for Arcade. Termsapply",Spam
844,17-02-21,HELLO PEACH! MY CAKE TASTS LUSH!,Non-Spam
845,29-11-21,"I'm home, my love ... If your still awake ... *loving kiss*",Non-Spam
846,18-06-21,"Yup. Anything lor, if u dun wan it's ok...",Non-Spam
847,29-06-21,Forgot to tell ü smth.. Can ü like number the sections so that it's clearer..,Non-Spam
848,26-08-21,"Aiyo... Her lesson so early... I'm still sleepin, haha... Okie, u go home liao den confirm w me lor...",Non-Spam
849,09-07-21,My uncles in Atlanta. Wish you guys a great semester.,Non-Spam
850,06-08-21,"K will do, addie &amp; I are doing some art so I'll be here when you get home",Non-Spam
851,09-05-21,"Hey. What happened? U switch off ur cell d whole day. This isnt good. Now if u do care, give me a call tomorrow.",Non-Spam
852,02-02-21,S:)8 min to go for lunch:),Non-Spam
853,10-10-21,Oops i thk i dun haf enuff... I go check then tell ü..,Non-Spam
854,09-07-21,Big brother‘s really scraped the barrel with this shower of social misfits,Non-Spam
855,09-11-21,Thats cool princess! I will cover your face in hot sticky cum :),Non-Spam
856,29-08-21,Huh so slow i tot u reach long ago liao... U 2 more days only i 4 more leh...,Non-Spam
857,11-11-21,Ya i knw u vl giv..its ok thanks kano..anyway enjoy wit ur family wit 1st salary..:-);-),Non-Spam
858,23-07-21,"Haha awesome, I might need to take you up on that, what you doin tonight?",Non-Spam
859,24-05-21,"Did you say bold, then torch later. Or one torch and 2bold?",Non-Spam
860,27-06-21,Wif my family booking tour package.,Non-Spam
861,26-01-21,Wow so healthy. Old airport rd lor. Cant thk of anything else. But i'll b bathing my dog later.,Non-Spam
862,25-06-21,Hey anyway i have to :-),Non-Spam
863,23-09-21,Yar but they say got some error.,Non-Spam
864,17-01-21,Mmmmmmm *snuggles into you* ...*deep contented sigh* ... *whispers* ... I fucking love you so much I can barely stand it ...,Non-Spam
865,10-10-21,Anytime...,Non-Spam
866,17-06-21,I liked the new mobile,Non-Spam
867,19-05-21,"WIN: We have a winner! Mr. T. Foley won an iPod! More exciting prizes soon, so keep an eye on ur mobile or visit www.win-82050.co.uk",Spam
868,09-01-21,Yes fine ,Non-Spam
869,27-06-21,Don no da:)whats you plan?,Non-Spam
870,29-03-21,"Okey dokey, i‘ll be over in a bit just sorting some stuff out.",Non-Spam
871,14-12-21,A guy who gets used but is too dumb to realize it.,Non-Spam
872,01-01-21,"URGENT! Your Mobile No 07808726822 was awarded a £2,000 Bonus Caller Prize on 02/09/03! This is our 2nd attempt to contact YOU! Call 0871-872-9758 BOX95QU",Spam
873,31-07-21,Pls give her the food preferably pap very slowly with loads of sugar. You can take up to an hour to give it. And then some water. Very very slowly.,Non-Spam
874,10-09-21,Tessy..pls do me a favor. Pls convey my birthday wishes to Nimya..pls dnt forget it. Today is her birthday Shijas,Non-Spam
875,10-04-21,"By march ending, i should be ready. But will call you for sure. The problem is that my capital never complete. How far with you. How's work and the ladies",Non-Spam
876,11-09-21,Surly ill give it to you:-) while coming to review.,Non-Spam
877,15-11-21,Ok no prob,Non-Spam
878,11-04-21,"Didn't try, g and I decided not to head out",Non-Spam
879,16-07-21,Hmmm.but you should give it on one day..,Non-Spam
880,21-01-21,Eatin my lunch...,Non-Spam
881,21-04-21,But pls dont play in others life.,Non-Spam
882,21-05-21,"Alright we'll bring it to you, see you in like  &lt;#&gt;  mins",Non-Spam
883,27-07-21,"My life Means a lot to me, Not because I love my life, But because I love the people in my life, The world calls them friends, I call them my World:-).. Ge:-)..",Non-Spam
884,02-06-21,Ok u can take me shopping when u get paid =D,Non-Spam
885,07-10-21,"Haha yeah, 2 oz is kind of a shitload",Non-Spam
886,01-01-21,Are you staying in town ?,Non-Spam
887,28-05-21,"That's cool he'll be here all night, lemme know when you're around",Non-Spam
888,12-09-21,Sry da..jst nw only i came to home..,Non-Spam
889,26-08-21,It is a good thing I'm now getting the connection to bw,Non-Spam
890,08-02-21,Wewa is 130. Iriver 255. All 128 mb.,Non-Spam
891,16-05-21,Ü ready then call me...,Non-Spam
892,17-09-21,"Hi babe its Chloe, how r u? I was smashed on saturday night, it was great! How was your weekend? U been missing me? SP visionsms.com Text stop to stop 150p/text",Spam
893,19-08-21,I'm leaving my house now.,Non-Spam
894,06-04-21,I forgot 2 ask ü all smth.. There's a card on da present lei... How? Ü all want 2 write smth or sign on it?,Non-Spam
895,14-11-21,"Customer service announcement. We recently tried to make a delivery to you but were unable to do so, please call 07099833605 to re-schedule. Ref:9280114",Spam
896,30-05-21,"Probably not, I'm almost out of gas and I get some cash tomorrow",Non-Spam
897,17-06-21,"I didnt get ur full msg..sometext is missing, send it again",Non-Spam
898,06-04-21,"When I was born, GOD said, ""Oh No! Another IDIOT"". When you were born, GOD said, ""OH No! COMPETITION"". Who knew, one day these two will become FREINDS FOREVER!",Non-Spam
899,22-07-21,IM REALY SOZ IMAT MY MUMS 2NITE WHAT ABOUT 2MORO ,Non-Spam
900,13-06-21,I send the print  outs da.,Non-Spam
901,28-06-21,Not..tel software name..,Non-Spam
902,01-04-21,Ok set let u noe e details later...,Non-Spam
903,11-06-21,Mum not going robinson already.,Non-Spam
904,18-04-21,No. Yes please. Been swimming?,Non-Spam
905,11-01-21,Ladies first and genus second k .,Non-Spam
906,13-07-21,Ok no prob...,Non-Spam
907,12-01-21,You call him and tell now infront of them. Call him now.,Non-Spam
908,09-08-21,I cant pick the phone right now. Pls send a message,Non-Spam
909,04-04-21,This message is from a great Doctor in India:-): 1) Do not drink APPY FIZZ. It contains Cancer causing age,Non-Spam
910,15-03-21,PRIVATE! Your 2003 Account Statement for shows 800 un-redeemed S. I. M. points. Call 08718738002 Identifier Code: 48922 Expires 21/11/04,Spam
911,19-12-21,"K, I'll work something out",Non-Spam
912,03-04-21,Our Prasanth ettans mother passed away last night. Just pray for her and family.,Non-Spam
913,20-04-21,Hope you are having a great day.,Non-Spam
914,21-04-21,Lol yes. But it will add some spice to your day.,Non-Spam
915,01-10-21,Where r e meeting tmr?,Non-Spam
916,02-10-21,A £400 XMAS REWARD IS WAITING FOR YOU! Our computer has randomly picked you from our loyal mobile customers to receive a £400 reward. Just call 09066380611 ,Spam
917,25-11-21,"Finally it has happened..! Aftr decades..! BEER is now cheaper than PETROL! The goverment expects us to ""DRINK"". . . But don't ""DRIVE """,Non-Spam
918,07-04-21,"Please protect yourself from e-threats. SIB never asks for sensitive information like Passwords,ATM/SMS PIN thru email. Never share your password with anybody.",Non-Spam
919,28-05-21,We are okay. Going to sleep now. Later,Non-Spam
920,20-03-21,God created gap btwn ur fingers so dat sum1 vry special will fill those gaps by holding ur hands.. Now plz dont ask y he created so much gap between legs !!!,Non-Spam
921,30-07-21,We tried to contact you re your reply to our offer of a Video Phone 750 anytime any network mins Half Price Line Rental Camcorder Reply or call 08000930705,Spam
922,24-10-21,Are you planning to come chennai?,Non-Spam
923,15-10-21,Did u got that persons story,Non-Spam
924,12-08-21,Sorry i din lock my keypad.,Non-Spam
925,26-03-21,You are being ripped off! Get your mobile content from www.clubmoby.com call 08717509990 poly/true/Pix/Ringtones/Games six downloads for only 3,Spam
926,06-05-21,Havent.,Non-Spam
927,26-05-21,Do you hide anythiing or keeping distance from me,Non-Spam
928,25-09-21,Of course. I guess god's just got me on hold right now.,Non-Spam
929,15-03-21,Captain vijaykanth is doing comedy in captain tv..he is drunken :),Non-Spam
930,28-06-21,Oh ho. Is this the first time u use these type of words,Non-Spam
931,29-04-21,K k pa Had your lunch aha.,Non-Spam
932,02-12-21,How come i din c ü... Yup i cut my hair...,Non-Spam
933,04-10-21,These won't do. Have to move on to morphine,Non-Spam
934,25-09-21,Oh wow thats gay. Will firmware update help,Non-Spam
935,14-09-21,"I'm in a meeting, call me later at",Non-Spam
936,25-12-21,"Got hella gas money, want to go on a grand nature adventure with galileo in a little bit?",Non-Spam
937,30-08-21,Everybody had fun this evening. Miss you.,Non-Spam
938,23-03-21,Only saturday and sunday holiday so its very difficult:),Non-Spam
939,05-08-21,Todays Voda numbers ending with 7634 are selected to receive a £350 reward. If you have a match please call 08712300220 quoting claim code 7684 standard rates apply.,Spam
940,01-10-21,Please call our customer service representative on 0800 169 6031 between 10am-9pm as you have WON a guaranteed £1000 cash or £5000 prize!,Spam
941,18-10-21,Lol ... I knew that .... I saw him in the dollar store,Non-Spam
942,06-08-21,I'm on the bus. Love you,Non-Spam
943,24-11-21,Jus finish blowing my hair. U finish dinner already?,Non-Spam
944,06-11-21,"U need my presnts always bcz U cant mis love. ""jeevithathile irulinae neekunna prakasamanu sneham"" prakasam ennal prabha 'That mns prabha is'LOVE' Got it. Dont mis me....",Non-Spam
945,06-09-21,They finally came to fix the ceiling.,Non-Spam
946,30-04-21,"Received, understood n acted upon!",Non-Spam
947,02-03-21,THIS IS A LONG FUCKIN SHOWR,Non-Spam
948,13-03-21,"Sorry, I'll call later In meeting.",Non-Spam
949,22-09-21,Nvm... I'm going to wear my sport shoes anyway... I'm going to be late leh.,Non-Spam
950,28-06-21,Good. do you think you could send me some pix? I would love to see your top and bottom...,Non-Spam
951,12-04-21,Ü called dad oredi...,Non-Spam
952,06-03-21,Sunshine Quiz! Win a super Sony DVD recorder if you canname the capital of Australia? Text MQUIZ to 82277. B,Spam
953,16-10-21,hows my favourite person today? r u workin hard? couldn't sleep again last nite nearly rang u at 4.30,Non-Spam
954,04-03-21,How much you got for cleaning,Non-Spam
955,13-03-21,Sorry da. I gone mad so many pending works what to do.,Non-Spam
956,27-03-21,Wat time ü finish?,Non-Spam
957,04-06-21,Just glad to be talking to you.,Non-Spam
